-- phpMyAdmin SQL Dump
-- version 3.5.8.2
-- http://www.phpmyadmin.net
--
-- Host: sql304.byetcluster.com
-- Generation Time: Sep 27, 2017 at 11:36 PM
-- Server version: 5.6.35-81.0
-- PHP Version: 5.3.3

SET SQL_MODE="NO_AUTO_VALUE_ON_ZERO";
SET time_zone = "+00:00";


/*!40101 SET @OLD_CHARACTER_SET_CLIENT=@@CHARACTER_SET_CLIENT */;
/*!40101 SET @OLD_CHARACTER_SET_RESULTS=@@CHARACTER_SET_RESULTS */;
/*!40101 SET @OLD_COLLATION_CONNECTION=@@COLLATION_CONNECTION */;
/*!40101 SET NAMES utf8 */;

--
-- Database: `ezyro_20584056_main`
--

-- --------------------------------------------------------

--
-- Table structure for table `ACL`
--

CREATE TABLE IF NOT EXISTS `ACL` (
  `ACLId` bigint(255) NOT NULL AUTO_INCREMENT,
  `Name` varchar(60) COLLATE utf8_unicode_ci NOT NULL,
  `Description` text COLLATE utf8_unicode_ci NOT NULL,
  `GroupId` int(255) NOT NULL,
  `ObjectId` int(255) NOT NULL,
  `Value` bigint(20) NOT NULL,
  PRIMARY KEY (`ACLId`)
) ENGINE=MyISAM  DEFAULT CHARSET=utf8 COLLATE=utf8_unicode_ci AUTO_INCREMENT=132 ;

--
-- Dumping data for table `ACL`
--

INSERT INTO `ACL` (`ACLId`, `Name`, `Description`, `GroupId`, `ObjectId`, `Value`) VALUES
(1, 'Read', 'Allow Group 4 to Read functionId 3', 4, 3, 1),
(2, 'Read', 'Allow Group 4 to Read functionId 4', 4, 4, 1),
(3, 'Read', 'Allow Group 4 to Read functionId 2', 4, 6, 1),
(4, 'Read', 'Allow Group 4 to Read functionId 1', 4, 5, 1),
(5, 'Read', 'Allow Group 4 to Read functionId 5', 4, 9, 1),
(48, 'Read', 'Allow Group 4 to Read functionId 6', 4, 10, 1),
(7, 'Read', 'Allow Group 5 to Read functionId 7', 5, 11, 1),
(8, 'Read', 'Allow Group 2 to Read functionId 8', 2, 12, 1),
(9, 'Read', 'Allow Group 1 to Read functionId 8', 1, 12, 1),
(10, 'Read', 'Allow Group 1 to Read functionId 9', 1, 13, 1),
(11, 'Read', 'Allow Group 2 to Read functionId 9', 2, 13, 1),
(12, 'Read', 'Allow Group 2 to Read functionId 10', 2, 14, 1),
(13, 'Read', 'Allow Group 1 to Read functionId 10', 1, 14, 1),
(14, 'Read', 'Allow Group 4 to Read functionId 11', 4, 15, 1),
(15, 'Read', 'Allow Group 4 to Read functionId 12', 4, 16, 1),
(16, 'Read', 'Allow Group 4 to Read functionId 13', 4, 17, 1),
(17, 'Read', 'Allow Group 2 to Read functionId 14', 2, 18, 1),
(18, 'Read', 'Allow Group 1 to Read functionId 14', 1, 18, 1),
(21, 'Read', 'Allow Group 1 to Read functionId 16', 1, 20, 1),
(22, 'Read', 'Allow Group 2 to Read functionId 16', 2, 20, 1),
(23, 'Read', 'Allow Group 4 to Read functionId 17', 4, 21, 1),
(24, 'Read', 'Allow Group 4 to Read functionId 18', 4, 22, 1),
(25, 'Read', 'Allow Group 4 to Read functionId 19', 4, 23, 1),
(26, 'Read', 'Allow Group 4 to Read functionId 20', 4, 24, 1),
(27, 'Read', 'Allow Group 4 to Read functionId 21', 4, 25, 1),
(113, 'Read', 'Allow Group 1 to Read functionId 22', 1, 26, 1),
(29, 'Read', 'Allow Group 4 to Read functionId 23', 4, 27, 1),
(30, 'Read', 'Allow Group 4 to Read functionId 24', 4, 28, 1),
(31, 'Read', 'Allow Group 4 to Read functionId 25', 4, 29, 1),
(32, 'Read', 'Allow Group 5 to Read functionId 26', 5, 30, 1),
(33, 'Read', 'Allow Group 4 to Read functionId 27', 4, 31, 1),
(34, 'Read', 'Allow Group 4 to Read functionId 28', 4, 32, 1),
(35, 'Read', 'Allow Group 4 to Read functionId 29', 4, 33, 1),
(36, 'Read', 'Allow Group 4 to Read functionId 30', 4, 34, 1),
(37, 'Read', 'Allow Group 4 to Read functionId 31', 4, 35, 1),
(38, 'Read', 'Allow Group 4 to Read functionId 32', 4, 36, 1),
(39, 'Read', 'Allow Group 4 to Read functionId 33', 4, 37, 1),
(40, 'Read', 'Allow Group 4 to Read functionId 34', 4, 38, 1),
(79, 'Edit', 'Allow Group 1 to Edit functionId 16', 1, 20, 16),
(78, 'Read', 'Allow Group 1 to Read functionId 37', 1, 41, 1),
(77, 'Read', 'Allow Group 1 to Read functionId 36', 1, 40, 1),
(80, 'Edit', 'Allow Group 1 to Edit functionId 6', 1, 10, 16),
(53, 'Read', 'Allow Group 1 to Read functionId 6', 1, 10, 1),
(76, 'Read', 'Allow Group 1 to Read functionId 35', 1, 39, 1),
(101, 'Edit', 'Allow Group 1 to Edit functionId 43', 1, 47, 16),
(100, 'Read', 'Allow Group 1 to Read functionId 43', 1, 47, 1),
(109, 'Read', 'Allow Group 1 to Read functionId 7', 1, 11, 1),
(110, 'Edit', 'Allow Group 1 to Edit functionId 7', 1, 11, 16),
(112, 'Read', 'Allow Group 1 to Read functionId 47', 1, 51, 1),
(118, 'Read', 'Allow Group 4 to Read functionId 56', 4, 60, 1),
(119, 'Read', 'Allow Group 4 to Read functionId 57', 4, 61, 1),
(123, 'Read', 'Allow Group 1 to Read functionId 60', 1, 70, 1),
(122, 'Read', 'Allow Group 4 to Read functionId 61', 4, 71, 1),
(124, 'Edit', 'Allow Group 1 to Edit functionId 60', 1, 70, 16),
(125, 'Read', 'Allow Group 1 to Read functionId 61', 1, 71, 1),
(126, 'Edit', 'Allow Group 1 to Edit functionId 61', 1, 71, 16),
(127, 'Read', 'Allow Group 4 to Read functionId 65', 4, 75, 1);

-- --------------------------------------------------------

--
-- Table structure for table `ActiveLicense`
--

CREATE TABLE IF NOT EXISTS `ActiveLicense` (
  `ActiveLicenseId` bigint(20) NOT NULL AUTO_INCREMENT,
  `LicenseId` bigint(20) NOT NULL,
  `Ip` varchar(15) NOT NULL,
  `WebURL` varchar(255) NOT NULL,
  `Key` varchar(255) NOT NULL,
  `ActivedDate` datetime NOT NULL DEFAULT CURRENT_TIMESTAMP,
  PRIMARY KEY (`ActiveLicenseId`)
) ENGINE=MyISAM  DEFAULT CHARSET=latin1 AUTO_INCREMENT=2 ;

--
-- Dumping data for table `ActiveLicense`
--

INSERT INTO `ActiveLicense` (`ActiveLicenseId`, `LicenseId`, `Ip`, `WebURL`, `Key`, `ActivedDate`) VALUES
(1, 1, '27.74.176.192', 'http://testcodeasy.ezyro.com/', '34a4a7d0c43ed14dd508021ce765524f39d0bbabf9382221d34f1b4c7342cc357ed8b7eaf65a70451d914181593d9109a23afb29f80edf6b20dbee9eb617ff9d', '2017-08-24 10:30:26');

-- --------------------------------------------------------

--
-- Table structure for table `Controller`
--

CREATE TABLE IF NOT EXISTS `Controller` (
  `ControllerId` int(255) NOT NULL AUTO_INCREMENT,
  `ControllerName` varchar(255) COLLATE utf8_unicode_ci NOT NULL,
  PRIMARY KEY (`ControllerId`)
) ENGINE=MyISAM  DEFAULT CHARSET=utf8 COLLATE=utf8_unicode_ci AUTO_INCREMENT=18 ;

--
-- Dumping data for table `Controller`
--

INSERT INTO `Controller` (`ControllerId`, `ControllerName`) VALUES
(1, 'error'),
(2, 'index'),
(3, 'dashboard'),
(4, 'admin'),
(5, 'login'),
(6, 'api'),
(7, 'language'),
(8, 'install'),
(9, 'ai'),
(10, 'proto'),
(11, 'portfolio'),
(12, 'email'),
(13, 'test'),
(14, 'sitemap'),
(15, 'robots'),
(16, 'auth'),
(17, 'wiki');

-- --------------------------------------------------------

--
-- Table structure for table `Function`
--

CREATE TABLE IF NOT EXISTS `Function` (
  `FunctionId` int(255) NOT NULL AUTO_INCREMENT,
  `FunctionName` varchar(255) COLLATE utf8_unicode_ci NOT NULL,
  `ControllerId` int(255) NOT NULL,
  `PageUrl` varchar(2000) COLLATE utf8_unicode_ci NOT NULL,
  `ParentId` int(20) NOT NULL,
  `UpdatedTime` datetime NOT NULL DEFAULT CURRENT_TIMESTAMP,
  `Password` varchar(1024) COLLATE utf8_unicode_ci NOT NULL,
  PRIMARY KEY (`FunctionId`)
) ENGINE=MyISAM  DEFAULT CHARSET=utf8 COLLATE=utf8_unicode_ci AUTO_INCREMENT=70 ;

--
-- Dumping data for table `Function`
--

INSERT INTO `Function` (`FunctionId`, `FunctionName`, `ControllerId`, `PageUrl`, `ParentId`, `UpdatedTime`, `Password`) VALUES
(1, 'Error404', 1, '/error/error404', 51, '2017-09-23 21:45:16', ''),
(2, 'Error403', 1, '/error/error403', 51, '2017-09-23 21:45:16', ''),
(3, 'Error400', 1, '/error/error400', 51, '2017-09-23 21:45:16', ''),
(4, 'Error401', 1, '/error/error401', 51, '2017-09-23 21:45:16', ''),
(5, 'Error500', 1, '/error/error500', 51, '2017-09-23 21:45:16', ''),
(6, 'Index', 2, '/index', 0, '2017-09-23 21:45:16', ''),
(7, 'Dashboard', 3, '/dashboard', 0, '2017-09-23 21:45:16', ''),
(8, 'Admin', 4, '/admin', 0, '2017-09-23 21:45:16', ''),
(9, 'Page', 4, '/admin/page', 8, '2017-09-23 21:45:16', ''),
(10, 'Controller', 4, '/admin/controller', 8, '2017-09-23 21:45:16', ''),
(11, 'Login', 5, '/login', 0, '2017-09-23 21:45:16', ''),
(12, 'Run', 5, '/login/run', 11, '2017-09-23 21:45:16', ''),
(13, 'Index', 5, '/login/index', 11, '2017-09-23 21:45:16', ''),
(14, 'CMS', 4, '/admin/page/cms', 9, '2017-09-23 21:45:16', ''),
(16, 'CMS Edit Page', 4, '/admin/page/cms/GETINFOToEditPage', 14, '2017-09-23 21:45:16', ''),
(17, 'Version', 6, '/api/version', 49, '2017-09-23 21:45:16', ''),
(18, 'Version - check Update', 6, '/api/version/checkupdate', 17, '2017-09-23 21:45:16', ''),
(19, 'Check version', 6, '/api/version/check', 17, '2017-09-23 21:45:16', ''),
(20, 'Init Language', 7, '/language/initlanguage', 21, '2017-09-23 21:45:16', ''),
(21, 'Index', 7, '/language', 0, '2017-09-23 21:45:16', ''),
(22, 'Install', 8, '/install', 0, '2017-09-23 21:45:16', ''),
(23, 'Request Active License', 6, '/api/License/RequestActiveLicense', 50, '2017-09-23 21:45:16', ''),
(24, 'Save Current Step', 8, '/install/SaveCurrentStep', 22, '2017-09-23 21:45:16', ''),
(25, 'Save Key', 8, '/install/SaveKey', 22, '2017-09-23 21:45:16', ''),
(26, 'Log Out', 5, '/login/logout', 11, '2017-09-23 21:45:16', ''),
(27, 'viaWebsite', 5, '/login/route/viaWebsite/run', 0, '2017-09-23 21:45:16', ''),
(28, 'google Oauth', 5, '/login/route/oauth/google/Authenticate', 0, '2017-09-23 21:45:16', ''),
(29, 'facebook Oauth', 5, '/login/route/oauth/facebook/Authenticate', 0, '2017-09-23 21:45:16', ''),
(30, 'GetCurrentStep', 8, '/install/GetCurrentStep', 22, '2017-09-23 21:45:16', ''),
(31, 'SaveDb', 8, '/install/SaveDb', 22, '2017-09-23 21:45:16', ''),
(32, 'CheckKeyLicenseWithServer', 8, '/install/CheckKeyLicenseWithServer', 22, '2017-09-23 21:45:16', ''),
(33, 'SaveContentCode', 8, '/install/SaveContentCode', 22, '2017-09-23 21:45:16', ''),
(34, 'SaveGoogleCaptcha', 8, '/install/SaveGoogleCaptcha', 22, '2017-09-23 21:45:16', ''),
(35, 'Index', 9, '/ai', 0, '2017-09-23 21:45:16', ''),
(36, 'GetClass Included', 9, '/ai/GetClass', 35, '2017-09-23 21:45:16', ''),
(37, 'WineQuality', 9, '/ai/wineQuality', 35, '2017-09-23 21:45:16', ''),
(43, 'default template', 12, '/email/template/default/verify', 0, '2017-09-23 21:45:16', ''),
(47, 'twbscolor', 4, '/admin/twbscolor', 8, '2017-09-23 21:45:16', ''),
(49, 'Api', 6, '/api', 0, '2017-09-23 21:45:16', ''),
(50, 'License', 6, '/api/license', 49, '2017-09-23 21:45:16', ''),
(51, 'Error', 1, '/error', 0, '2017-09-23 21:45:16', ''),
(56, 'Sitemap', 14, '/sitemap', 0, '2017-09-23 21:45:16', ''),
(57, 'Robots', 15, '/robots', 0, '2017-09-23 21:45:16', ''),
(65, 'Post To Validate', 16, '/auth/posttovalidate', 60, '2017-09-25 12:11:59', ''),
(60, 'Auth', 16, '/auth', 0, '2017-09-24 23:11:45', ''),
(61, 'ValidatePage', 16, '/auth/validatepage', 60, '2017-09-24 23:15:20', ''),
(67, 'Wiki', 17, '/wiki', 0, '2017-09-25 22:31:14', ''),
(66, 'test 5', 13, '/test/test5', 55, '2017-09-25 22:20:04', ''),
(68, 'Document', 17, '/wiki/document', 67, '2017-09-25 22:31:34', '');

-- --------------------------------------------------------

--
-- Table structure for table `FunctionStage`
--

CREATE TABLE IF NOT EXISTS `FunctionStage` (
  `FunctionStageId` bigint(20) NOT NULL AUTO_INCREMENT,
  `FunctionId` int(11) NOT NULL,
  `StageName` varchar(60) NOT NULL,
  `StageDescription` text NOT NULL,
  `Content` text NOT NULL,
  `HideNavigationBar` tinyint(1) NOT NULL,
  `HideFooter` tinyint(1) NOT NULL,
  `NavbarTransparent` tinyint(1) NOT NULL,
  `NavbarConfig` tinyint(1) NOT NULL,
  `LanguageId` int(11) NOT NULL,
  `CreatedBy` bigint(255) NOT NULL,
  PRIMARY KEY (`FunctionStageId`)
) ENGINE=MyISAM  DEFAULT CHARSET=latin1 AUTO_INCREMENT=20 ;

--
-- Dumping data for table `FunctionStage`
--

INSERT INTO `FunctionStage` (`FunctionStageId`, `FunctionId`, `StageName`, `StageDescription`, `Content`, `HideNavigationBar`, `HideFooter`, `NavbarTransparent`, `NavbarConfig`, `LanguageId`, `CreatedBy`) VALUES
(1, 6, 'Main', 'Main Page', '&lt;section&gt;&lt;div class=&quot;container-full&quot;&gt;\n        &lt;div data-type=&quot;container-content&quot; class=&quot;&quot;&gt;&lt;section data-type=&quot;component-carousel-text&quot;&gt;&lt;div class=&quot;carousel fade-carousel slide thumbnail-preview-indicators&quot; data-interval=&quot;4000&quot; data-ride=&quot;carousel&quot; id=&quot;bs-carousel&quot;&gt;&lt;!-- Indicators --&gt;\n&lt;ol class=&quot;carousel-indicators&quot;&gt;\n	&lt;li data-slide-to=&quot;0&quot; data-target=&quot;#bs-carousel&quot;&gt;\n	&lt;div class=&quot;thumbnail&quot;&gt;&lt;img class=&quot;img-responsive&quot; src=&quot;https://ununsplash.imgix.net/photo-1416339134316-0e91dc9ded92?q=75&amp;amp;fm=jpg&amp;amp;s=883a422e10fc4149893984019f63c818&quot;&gt;&lt;/div&gt;\n	&lt;/li&gt;\n	&lt;li data-slide-to=&quot;1&quot; data-target=&quot;#bs-carousel&quot;&gt;\n	&lt;div class=&quot;thumbnail&quot;&gt;&lt;img class=&quot;img-responsive&quot; src=&quot;https://ununsplash.imgix.net/photo-1416339684178-3a239570f315?q=75&amp;amp;fm=jpg&amp;amp;s=c39d9a3bf66d6566b9608a9f1f3765af&quot;&gt;&lt;/div&gt;\n	&lt;/li&gt;\n	&lt;li class=&quot;active&quot; data-slide-to=&quot;2&quot; data-target=&quot;#bs-carousel&quot;&gt;\n	&lt;div class=&quot;thumbnail&quot;&gt;&lt;img class=&quot;img-responsive&quot; src=&quot;https://ununsplash.imgix.net/photo-1416339276121-ba1dfa199912?q=75&amp;amp;fm=jpg&amp;amp;s=9bf9f2ef5be5cb5eee5255e7765cb327&quot;&gt;&lt;/div&gt;\n	&lt;/li&gt;\n&lt;/ol&gt;\n&lt;!-- Wrapper for slides --&gt;\n\n&lt;div class=&quot;carousel-inner&quot;&gt;\n&lt;div class=&quot;item slides&quot;&gt;&lt;!-- Overlay --&gt;\n&lt;div class=&quot;overlay&quot;&gt;&amp;nbsp;&lt;/div&gt;\n\n&lt;div class=&quot;slide-img&quot; style=&quot;background-image: url(''https://ununsplash.imgix.net/photo-1416339134316-0e91dc9ded92?q=75&amp;amp;fm=jpg&amp;amp;s=883a422e10fc4149893984019f63c818'');&quot;&gt;&amp;nbsp;&lt;/div&gt;\n\n&lt;div class=&quot;hero&quot;&gt;\n&lt;hgroup&gt;\n	&lt;h1&gt;&lt;span style=&quot;color:#ffffff;&quot;&gt;We are creative&lt;/span&gt;&lt;/h1&gt;\n\n	&lt;h3&gt;&lt;span style=&quot;color:#ffffff;&quot;&gt;Get start your next awesome &lt;/span&gt;&lt;span style=&quot;color:#ffffff;&quot;&gt;project&lt;/span&gt;&lt;/h3&gt;\n&lt;/hgroup&gt;\n&lt;a class=&quot;btn btn-hero btn-lg&quot; href=&quot;javascript:void(0)&quot;&gt;See all features&lt;/a&gt;&lt;/div&gt;\n&lt;/div&gt;\n\n&lt;div class=&quot;item slides&quot;&gt;\n&lt;div class=&quot;slide-img&quot; style=&quot;background-image: url(''https://ununsplash.imgix.net/photo-1416339684178-3a239570f315?q=75&amp;amp;fm=jpg&amp;amp;s=c39d9a3bf66d6566b9608a9f1f3765af'');&quot;&gt;&amp;nbsp;&lt;/div&gt;\n\n&lt;div class=&quot;hero&quot;&gt;\n&lt;hgroup&gt;\n	&lt;h1&gt;We are smart&lt;/h1&gt;\n\n	&lt;h3&gt;Get start your next awesome project&lt;/h3&gt;\n&lt;/hgroup&gt;\n&lt;a class=&quot;btn btn-hero btn-lg&quot; href=&quot;javascript:void(0)&quot;&gt;Btn Feature&lt;/a&gt;&lt;/div&gt;\n&lt;/div&gt;\n\n&lt;div class=&quot;item slides active&quot;&gt;&lt;!-- Overlay --&gt;\n&lt;div class=&quot;overlay&quot;&gt;&amp;nbsp;&lt;/div&gt;\n\n&lt;div class=&quot;slide-img&quot; style=&quot;background-image: url(''https://ununsplash.imgix.net/photo-1416339276121-ba1dfa199912?q=75&amp;amp;fm=jpg&amp;amp;s=9bf9f2ef5be5cb5eee5255e7765cb327'');&quot;&gt;&amp;nbsp;&lt;/div&gt;\n\n&lt;div class=&quot;hero&quot;&gt;\n&lt;hgroup&gt;\n	&lt;h1&gt;&lt;span style=&quot;color:#ffffff;&quot;&gt;We are amazing&lt;/span&gt;&lt;/h1&gt;\n\n	&lt;h3&gt;&lt;span style=&quot;color:#ffffff;&quot;&gt;Get start your next awesome &lt;/span&gt;&lt;span style=&quot;color:#ffffff;&quot;&gt;project&lt;/span&gt;&lt;/h3&gt;\n&lt;/hgroup&gt;\n&lt;a class=&quot;btn btn-hero btn-lg&quot; href=&quot;javascript:void(0)&quot;&gt;Btn Feature&lt;/a&gt;&lt;/div&gt;\n&lt;/div&gt;\n&lt;/div&gt;\n&lt;!-- Left and right controls --&gt;\n\n&lt;div class=&quot;left-right-move&quot;&gt;&lt;a class=&quot;left carousel-control&quot; data-slide=&quot;prev&quot; href=&quot;#bs-carousel&quot;&gt;&lt;span class=&quot;glyphicon glyphicon-chevron-left&quot;&gt;&amp;nbsp;&lt;/span&gt; &lt;span class=&quot;sr-only&quot;&gt;Previous&lt;/span&gt; &lt;/a&gt; &lt;a class=&quot;right carousel-control&quot; data-slide=&quot;next&quot; href=&quot;#bs-carousel&quot;&gt; &lt;span class=&quot;glyphicon glyphicon-chevron-right&quot;&gt;&amp;nbsp;&lt;/span&gt; &lt;span class=&quot;sr-only&quot;&gt;Next&lt;/span&gt; &lt;/a&gt;&lt;/div&gt;\n&lt;/div&gt;\n&lt;/section&gt;&lt;/div&gt;\n    &lt;/div&gt;&lt;/section&gt;&lt;section&gt;&lt;div class=&quot;container-fluid&quot;&gt;\n        &lt;div class=&quot;row&quot;&gt;\n            &lt;div class=&quot;col-sm-4&quot; data-type=&quot;container-content&quot;&gt;\n            &lt;section data-type=&quot;component-text&quot;&gt;&lt;div class=&quot;page-header&quot;&gt;\n&lt;h1 style=&quot;margin-bottom: 30px; font-size: 50px;&quot;&gt;&lt;b class=&quot;text-uppercase&quot;&gt;Cras justo odio&lt;/b&gt; &lt;small&gt;Donec id elit non mi&lt;/small&gt;&lt;/h1&gt;\n\n&lt;p class=&quot;lead&quot;&gt;&lt;em&gt;Cras justo odio, dapibus ac facilisis in, egestas eget quam. Donec id elit non mi porta gravida at eget metus. Nullam id dolor id nibh ultricies vehicula ut id elit.&lt;/em&gt;&lt;/p&gt;\n&lt;/div&gt;\n&lt;/section&gt;&lt;/div&gt;\n            &lt;div class=&quot;col-sm-4&quot; data-type=&quot;container-content&quot;&gt;\n            &lt;section data-type=&quot;component-text&quot;&gt;&lt;p&gt;Lorem ipsum dolor sit amet, consectetur adipisicing elit. Porro labore architecto fuga tempore omnis aliquid, rerum numquam deleniti ipsam earum velit aliquam deserunt, molestiae officiis mollitia accusantium suscipit fugiat esse magnam eaque cumque, iste corrupti magni? Illo dicta saepe, maiores fugit aliquid consequuntur aut, rem ex iusto dolorem molestias obcaecati eveniet vel voluptatibus recusandae illum, voluptatem! Odit est possimus nesciunt.&lt;/p&gt;\n\n&lt;p&gt;&amp;nbsp;&lt;/p&gt;\n&lt;/section&gt;&lt;/div&gt;\n            &lt;div class=&quot;col-sm-4&quot; data-type=&quot;container-content&quot;&gt;\n            &lt;/div&gt;\n        &lt;/div&gt;\n    &lt;/div&gt;&lt;/section&gt;', 0, 0, 1, 2, 1, 2),
(2, 6, 'Trang chu', 'Ok', '&lt;section&gt;&lt;div class=&quot;container-full&quot;&gt;\n        &lt;div data-type=&quot;container-content&quot; class=&quot;&quot;&gt;&lt;section data-type=&quot;component-text&quot;&gt;&lt;div class=&quot;page-header&quot;&gt;\n&lt;h1 style=&quot;margin-bottom: 30px;&quot;&gt;&lt;small style=&quot;&quot;&gt;&lt;font color=&quot;#333333&quot;&gt;&lt;span style=&quot;font-size: 50px; text-transform: uppercase;&quot;&gt;&lt;b&gt;Tieng viet2&amp;nbsp;&lt;/b&gt;&lt;/span&gt;&lt;/font&gt;&lt;span style=&quot;font-size: 50px;&quot;&gt;Donec id elit non mi&lt;/span&gt;&lt;/small&gt;&lt;/h1&gt;\n\n&lt;p class=&quot;lead&quot;&gt;&lt;em&gt;Cras justo odio, dapibus ac facilisis in, egestas eget quam. Donec id elit non mi porta gravida at eget metus. Nullam id dolor id nibh ultricies vehicula ut id elit.&lt;/em&gt;&lt;/p&gt;\n&lt;/div&gt;\n&lt;/section&gt;&lt;/div&gt;\n    &lt;/div&gt;&lt;/section&gt;', 0, 0, 0, 0, 2, 2),
(3, 38, 'Main', 'Loading Page 1', '&lt;section&gt;&lt;div class=&quot;container-full&quot;&gt;\n        &lt;div data-type=&quot;container-content&quot; class=&quot;&quot;&gt;&lt;section data-type=&quot;component-ckeditor&quot;&gt;&lt;div class=&quot;centered&quot;&gt;&lt;img alt=&quot;&quot; src=&quot;https://i.imgur.com/tIDf5Oq.png&quot; style=&quot;width: 256px; height: 256px;&quot;&gt;\n&lt;p id=&quot;loading&quot; style=&quot;&quot;&gt;&lt;span style=&quot;visibility: hidden;&quot;&gt;Loading...&lt;/span&gt;&lt;/p&gt;\n\n&lt;ul class=&quot;texts&quot; style=&quot;display: none;&quot;&gt;\n	&lt;li&gt;Loading...&lt;/li&gt;\n&lt;/ul&gt;\n\n&lt;p&gt;&amp;nbsp;&lt;/p&gt;\n&lt;/div&gt;\n&lt;/section&gt;&lt;/div&gt;\n    &lt;/div&gt;&lt;/section&gt;&lt;section&gt;&lt;div class=&quot;container-full&quot;&gt;\n        &lt;div data-type=&quot;container-content&quot; class=&quot;&quot;&gt;&lt;section data-type=&quot;component-ckeditor-multieditors&quot;&gt;&lt;p&gt;&lt;span style=&quot;visibility: hidden; font-size: 0%&quot;&gt;Don''t delete this line!&lt;/span&gt; &lt;!-- \n    ////////////////////////////////\n                JQUERY:\n    ////////////////////////////////\n        1. INLINE:\n        &lt;script type=&quot;text/javascript&quot;&gt;\n            document.addEventListener(''DOMContentLoaded'',function(){\n                // Your JS Code HERE\n            })\n        &lt;/script&gt;    \n        \n        2. SRC:\n        &lt;script type=&quot;text/javascript&quot; defer src=&quot;PATH TO YOUR LINK&quot;&gt;&lt;/script&gt;\n    \n    \n    ////////////////////////////////\n                  CSS: \n    ////////////////////////////////                \n        1. INLINE:\n        &lt;style&gt;\n            // Your CSS Code HERE\n        &lt;/style&gt;\n\n        2. SRC:\n        &lt;link rel=&quot;stylesheet&quot; type=&quot;text/css&quot; href=&quot;PATH TO YOUR LINK&quot; &gt;\n--&gt;&lt;/p&gt;\n&lt;script&gt;\n document.addEventListener(''DOMContentLoaded'',function(){\n   // Your JS Code HERE\n   $(''#loading'').textillate(\n   {\n     loop: true,\n     in: {\n  		// set the effect name\n    	effect: ''fadeInLeftBig''\n     },\n     out:{\n       effect: ''fadeOutRightBig'',\n       reverse: true\n     }\n   }\n   );\n   \n   setTimeout(function(){\n    window.location.replace(&quot;/proto/landgrind/login&quot;);                   \n   }, 5000);\n })\n&lt;/script&gt;&lt;/section&gt;&lt;/div&gt;\n    &lt;/div&gt;&lt;/section&gt;&lt;section&gt;&lt;div class=&quot;container-full&quot;&gt;\n        &lt;div data-type=&quot;container-content&quot; class=&quot;&quot;&gt;&lt;section data-type=&quot;component-ckeditor-multieditors&quot;&gt;&lt;p&gt;&lt;span style=&quot;visibility: hidden; font-size: 0%&quot;&gt;Don''t delete this line!&lt;/span&gt; &lt;!-- \n    ////////////////////////////////\n                JQUERY:\n    ////////////////////////////////\n        1. INLINE:\n        &lt;script type=&quot;text/javascript&quot;&gt;\n            document.addEventListener(''DOMContentLoaded'',function(){\n                // Your JS Code HERE\n            })\n        &lt;/script&gt;    \n        \n        2. SRC:\n        &lt;script type=&quot;text/javascript&quot; defer src=&quot;PATH TO YOUR LINK&quot;&gt;&lt;/script&gt;\n    \n    \n    ////////////////////////////////\n                  CSS: \n    ////////////////////////////////                \n        1. INLINE:\n        &lt;style&gt;\n            // Your CSS Code HERE\n        &lt;/style&gt;\n\n        2. SRC:\n        &lt;link rel=&quot;stylesheet&quot; type=&quot;text/css&quot; href=&quot;PATH TO YOUR LINK&quot; &gt;\n--&gt;&lt;/p&gt;\n&lt;style type=&quot;text/css&quot;&gt;.centered {\n  position: fixed;\n  top: 50%;\n  left: 50%;\n  /* bring your own prefixes */\n  transform: translate(-50%, -50%);\n}\n  \n  body{\n    background: #0f193b !important;\n  }\n  \n  #loading{\n    font-size: 36px;\n    text-align:center;\n    color: white;\n    visibility: hidden;\n  }\n&lt;/style&gt;\n&lt;/section&gt;&lt;/div&gt;\n    &lt;/div&gt;&lt;/section&gt;', 1, 1, 0, 0, 1, 2);
INSERT INTO `FunctionStage` (`FunctionStageId`, `FunctionId`, `StageName`, `StageDescription`, `Content`, `HideNavigationBar`, `HideFooter`, `NavbarTransparent`, `NavbarConfig`, `LanguageId`, `CreatedBy`) VALUES
(4, 39, 'Hoang Portfolio', 'My name is Nguyen Minh Hoang, and here is my portfolio.', '&lt;section&gt;&lt;div class=&quot;container-full&quot;&gt;        &lt;div data-type=&quot;container-content&quot; class=&quot;&quot;&gt;&lt;section data-type=&quot;component-ckeditor&quot;&gt;&lt;div class=&quot;header&quot; id=&quot;header&quot;&gt;\n&lt;div class=&quot;large-header&quot; id=&quot;large-header&quot; style=&quot;height: 745px;&quot;&gt;&lt;canvas height=&quot;745&quot; id=&quot;demo-canvas&quot; width=&quot;1098&quot;&gt; &lt;/canvas&gt; &lt;!-- Mouse Icon --&gt;&lt;/div&gt;\n&lt;/div&gt;\n\n&lt;div id=&quot;pdf2htmldiv&quot; style=&quot;z-index:5&quot;&gt;\n&lt;div class=&quot;wrapper&quot;&gt;\n&lt;div class=&quot;pdf&quot;&gt;&amp;nbsp;&lt;/div&gt;\n\n&lt;div class=&quot;sidebar-wrapper&quot;&gt;\n&lt;div class=&quot;profile-container&quot;&gt;&lt;span id=&quot;content&quot;&gt;&lt;img alt=&quot;&quot; class=&quot;profile img-responsive img-circle&quot; id=&quot;nevLogo&quot; src=&quot;https://i.imgur.com/QTLHeOv.jpg&quot; style=&quot;height: 156px; width: 234px;&quot;&gt; &lt;/span&gt;\n\n&lt;h1 class=&quot;name&quot;&gt;&lt;span style=&quot;color:#ffffff;&quot;&gt;&lt;span id=&quot;content&quot;&gt;Nguyen Minh Hoang&lt;/span&gt;&lt;/span&gt;&lt;/h1&gt;\n&lt;span id=&quot;content&quot;&gt; &lt;/span&gt;\n\n&lt;h3 class=&quot;tagline&quot;&gt;&lt;span id=&quot;content&quot;&gt;Project Manager &amp;amp;&amp;nbsp;&lt;/span&gt;&lt;/h3&gt;\n\n&lt;h3 class=&quot;tagline&quot;&gt;&lt;span&gt;Business Analyst &amp;amp; Developer&lt;/span&gt;&lt;/h3&gt;\n&lt;span id=&quot;content&quot;&gt; &lt;/span&gt;&lt;/div&gt;\n&lt;span id=&quot;content&quot;&gt;&lt;!--//profile-container--&gt; &lt;/span&gt;\n\n&lt;div class=&quot;contact-container container-block&quot;&gt;\n&lt;ul class=&quot;list-unstyled contact-list&quot;&gt;\n	&lt;li class=&quot;email&quot;&gt;&lt;span id=&quot;content&quot;&gt;&lt;a href=&quot;mailto: nev3rmi@email.com&quot;&gt;mhoang8595@gmail.com&lt;/a&gt;&lt;/span&gt;&lt;/li&gt;\n	&lt;li class=&quot;phone&quot;&gt;&lt;span id=&quot;content&quot;&gt;&lt;a data-toggle=&quot;tooltip&quot; href=&quot;tel:0868 051 858&quot; title=&quot;This is MOBILE PHONE''''s NUMBER&lt;br&gt; Please DIAL &lt;mark&gt;0 868 051 858&lt;/mark&gt; &lt;br&gt; if you in Vietnam&quot;&gt;Mobile: &lt;b&gt;(+84) 868 051 858&lt;/b&gt;&lt;/a&gt;&lt;/span&gt;&lt;/li&gt;\n	&lt;li class=&quot;website&quot;&gt;&lt;span id=&quot;content&quot;&gt;&lt;a href=&quot;http://codeasy.cf/portfolio/hoang&quot; target=&quot;_blank&quot;&gt;codeasy.cf/portfolio/hoang&lt;/a&gt;&lt;/span&gt;&lt;/li&gt;\n	&lt;li class=&quot;github&quot;&gt;&lt;span id=&quot;content&quot;&gt;&lt;a href=&quot;https://github.com/nev3rmi&quot; target=&quot;_blank&quot;&gt;github.com/nev3rmi&lt;/a&gt;&lt;/span&gt;&lt;/li&gt;\n	&lt;li class=&quot;twitter&quot;&gt;&lt;span id=&quot;content&quot;&gt;&lt;a href=&quot;https://www.facebook.com/hoang.nguyenminh.129357&quot; target=&quot;_blank&quot;&gt;hoang.nguyenminh.129357&lt;/a&gt;&lt;/span&gt;&lt;/li&gt;\n&lt;/ul&gt;\n&lt;/div&gt;\n&lt;span id=&quot;content&quot;&gt; &lt;!--//contact-container--&gt; &lt;/span&gt;\n\n&lt;div class=&quot;education-container container-block&quot;&gt;\n&lt;h2 class=&quot;container-block-title&quot;&gt;&lt;span style=&quot;color:#ffffff;&quot;&gt;&lt;span id=&quot;content&quot;&gt;Education&lt;/span&gt;&lt;/span&gt;&lt;/h2&gt;\n\n&lt;div class=&quot;item&quot;&gt;\n&lt;h4 class=&quot;degree&quot;&gt;&lt;span style=&quot;color:#ffffff;&quot;&gt;&lt;span id=&quot;content&quot;&gt;Business Information System&lt;/span&gt;&lt;/span&gt;&lt;/h4&gt;\n\n&lt;h5 class=&quot;meta&quot;&gt;&lt;span id=&quot;content&quot;&gt;Royal Melbourne Institute of Technology&lt;/span&gt;&lt;/h5&gt;\n\n&lt;div class=&quot;time&quot;&gt;&lt;span id=&quot;content&quot;&gt;2014 - 2018&lt;/span&gt;&lt;/div&gt;\n&lt;/div&gt;\n&lt;span id=&quot;content&quot;&gt;&lt;!--//item--&gt; &lt;/span&gt;\n\n&lt;div class=&quot;item&quot;&gt;\n&lt;h4 class=&quot;degree&quot;&gt;&lt;span style=&quot;color:#ffffff;&quot;&gt;&lt;span id=&quot;content&quot;&gt;High School&lt;/span&gt;&lt;/span&gt;&lt;/h4&gt;\n\n&lt;h5 class=&quot;meta&quot;&gt;&lt;span id=&quot;content&quot;&gt;Canadian International School&lt;/span&gt;&lt;/h5&gt;\n\n&lt;div class=&quot;time&quot;&gt;&lt;span id=&quot;content&quot;&gt;2012 - 2014&lt;/span&gt;&lt;/div&gt;\n&lt;/div&gt;\n&lt;span id=&quot;content&quot;&gt; &lt;!--//item--&gt; &lt;/span&gt;\n\n&lt;div class=&quot;item&quot;&gt;\n&lt;h4 class=&quot;degree&quot;&gt;&lt;span style=&quot;color:#ffffff;&quot;&gt;&lt;span id=&quot;content&quot;&gt;High School&lt;/span&gt;&lt;/span&gt;&lt;/h4&gt;\n\n&lt;h5 class=&quot;meta&quot;&gt;&lt;span id=&quot;content&quot;&gt;Saigon International College&lt;/span&gt;&lt;/h5&gt;\n\n&lt;div class=&quot;time&quot;&gt;&lt;span id=&quot;content&quot;&gt;2011 - 2012&lt;/span&gt;&lt;/div&gt;\n&lt;/div&gt;\n&lt;span id=&quot;content&quot;&gt; &lt;!--//item--&gt; &lt;/span&gt;&lt;/div&gt;\n&lt;span id=&quot;content&quot;&gt; &lt;!--//education-container--&gt; &lt;/span&gt;\n\n&lt;div class=&quot;languages-container container-block&quot;&gt;\n&lt;h2 class=&quot;container-block-title&quot;&gt;&lt;span style=&quot;color:#ffffff;&quot;&gt;&lt;span id=&quot;content&quot;&gt;Languages&lt;/span&gt;&lt;/span&gt;&lt;/h2&gt;\n\n&lt;ul class=&quot;list-unstyled interests-list&quot;&gt;\n	&lt;li&gt;&lt;span id=&quot;content&quot;&gt;Vietnamese &lt;span class=&quot;lang-desc&quot;&gt;(Native)&lt;/span&gt;&lt;/span&gt;&lt;/li&gt;\n	&lt;li&gt;&lt;span id=&quot;content&quot;&gt;English &lt;span class=&quot;lang-desc&quot;&gt;(Can Communicate)&lt;/span&gt;&lt;/span&gt;&lt;/li&gt;\n&lt;/ul&gt;\n&lt;/div&gt;\n&lt;span id=&quot;content&quot;&gt; &lt;!--//interests--&gt; &lt;/span&gt;\n\n&lt;div class=&quot;interests-container container-block&quot;&gt;\n&lt;h2 class=&quot;container-block-title&quot;&gt;&lt;span style=&quot;color:#ffffff;&quot;&gt;&lt;span id=&quot;content&quot;&gt;Interests&lt;/span&gt;&lt;/span&gt;&lt;/h2&gt;\n\n&lt;ul class=&quot;list-unstyled interests-list&quot; style=&quot;width:50%&quot;&gt;\n	&lt;li&gt;&lt;span id=&quot;content&quot;&gt;Swimming&lt;/span&gt;&lt;/li&gt;\n	&lt;li&gt;&lt;span id=&quot;content&quot;&gt;Badminton&lt;/span&gt;&lt;/li&gt;\n	&lt;li&gt;&lt;span id=&quot;content&quot;&gt;Muscle Art&lt;/span&gt;&lt;/li&gt;\n	&lt;li&gt;&lt;span id=&quot;content&quot;&gt;Chess&lt;/span&gt;&lt;/li&gt;\n	&lt;li&gt;&lt;span id=&quot;content&quot;&gt;ESport&lt;/span&gt;&lt;/li&gt;\n&lt;/ul&gt;\n&lt;/div&gt;\n&lt;span id=&quot;content&quot;&gt; &lt;!--//interests--&gt; &lt;/span&gt;&lt;/div&gt;\n&lt;span id=&quot;content&quot;&gt;&lt;!--//sidebar-wrapper--&gt; &lt;/span&gt;\n\n&lt;div class=&quot;main-wrapper&quot;&gt;\n&lt;section class=&quot;section summary-section&quot;&gt;\n&lt;h2 class=&quot;section-title&quot;&gt;&lt;span id=&quot;content&quot;&gt;&lt;i aria-hidden=&quot;true&quot; class=&quot;fa fa-user&quot;&gt;&lt;/i&gt;Career Profile&lt;/span&gt;&lt;/h2&gt;\n\n&lt;hr&gt;\n&lt;div class=&quot;summary&quot;&gt;\n&lt;p&gt;&lt;span id=&quot;content&quot;&gt;Learning Code since grade 9th has several years of experience on making the website with PHP, HTML, JQUERY, CSS, MySQL, BOOTSTRAP. Have several achievements on many real projects with many clients such as RMIT University, Freelancers'' Clients, ThienQuy Co.ltd. &lt;/span&gt;&lt;/p&gt;\n\n&lt;p&gt;&lt;span id=&quot;content&quot;&gt;Studying at RMIT since 2014, at Business Information System Bachelor Degree. To become a Business Analyst/Project Manager, and get invited to join many projects in the university with Tutors and Universities'' Managers.&lt;/span&gt;&lt;/p&gt;\n\n&lt;p&gt;&lt;span id=&quot;content&quot;&gt;Now seeking for a good opportunity to work in a good environment company to bring the values to the business and for self-developing further.&lt;/span&gt;&lt;/p&gt;\n&lt;/div&gt;\n&lt;span id=&quot;content&quot;&gt;&lt;!--//summary--&gt; &lt;/span&gt;&lt;/section&gt;\n&lt;span id=&quot;content&quot;&gt;&lt;!--//section--&gt; &lt;/span&gt;\n\n&lt;section class=&quot;section experiences-section&quot;&gt;\n&lt;h2 class=&quot;section-title&quot;&gt;&lt;span id=&quot;content&quot;&gt;&lt;i aria-hidden=&quot;true&quot; class=&quot;fa fa-briefcase&quot;&gt;&lt;/i&gt;Experiences&lt;/span&gt;&lt;/h2&gt;\n\n&lt;hr&gt;\n&lt;div class=&quot;meta&quot;&gt;\n&lt;div class=&quot;upper-row&quot;&gt;\n&lt;h3 class=&quot;job-title&quot;&gt;Manager of Thien Quy Coltd&lt;/h3&gt;\n\n&lt;div class=&quot;time&quot;&gt;&lt;span id=&quot;content&quot;&gt;2017 - Present&lt;/span&gt;&lt;/div&gt;\n&lt;/div&gt;\n&lt;span id=&quot;content&quot;&gt;&lt;!--//upper-row--&gt; &lt;/span&gt;\n\n&lt;div class=&quot;company&quot;&gt;&lt;span id=&quot;content&quot;&gt;PHPEasy&lt;/span&gt;&lt;/div&gt;\n&lt;span id=&quot;content&quot;&gt; &lt;/span&gt;&lt;/div&gt;\n\n&lt;div class=&quot;role-meta&quot;&gt;\n&lt;p&gt;&lt;span id=&quot;content&quot;&gt;&lt;b&gt;Role: &lt;/b&gt;Manager&lt;/span&gt;&lt;/p&gt;\n&lt;/div&gt;\n&lt;span id=&quot;content&quot;&gt;&lt;!--//meta--&gt; &lt;/span&gt;\n\n&lt;div class=&quot;details&quot;&gt;\n&lt;div class=&quot;main-details&quot;&gt;\n&lt;p&gt;Currently, I am in charge in managing the resource and analysis the information of my parent company.&lt;/p&gt;\n\n&lt;p&gt;&amp;nbsp;&lt;/p&gt;\n&lt;/div&gt;\n&lt;/div&gt;\n\n&lt;div class=&quot;meta&quot;&gt;\n&lt;div class=&quot;upper-row&quot;&gt;\n&lt;h3 class=&quot;job-title&quot;&gt;Project Manager at Sir Tailor&lt;/h3&gt;\n\n&lt;div class=&quot;time&quot;&gt;&lt;span id=&quot;content&quot;&gt;2017 - Present&lt;/span&gt;&lt;/div&gt;\n&lt;/div&gt;\n&lt;span id=&quot;content&quot;&gt;&lt;!--//upper-row--&gt; &lt;/span&gt;\n\n&lt;div class=&quot;company&quot;&gt;&lt;span id=&quot;content&quot;&gt;PHPEasy&lt;/span&gt;&lt;/div&gt;\n&lt;span id=&quot;content&quot;&gt; &lt;/span&gt;&lt;/div&gt;\n\n&lt;div class=&quot;role-meta&quot;&gt;\n&lt;p&gt;&lt;span id=&quot;content&quot;&gt;&lt;b&gt;Role: &lt;/b&gt;Project Manager&lt;/span&gt;&lt;/p&gt;\n&lt;/div&gt;\n&lt;span id=&quot;content&quot;&gt;&lt;!--//meta--&gt; &lt;/span&gt;\n\n&lt;div class=&quot;details&quot;&gt;\n&lt;div class=&quot;main-details&quot;&gt;\n&lt;p&gt;Currently, I am in charge to build an ERP system for Sir Tailor. This project will help Sir Tailor to&lt;span&gt; manage their current resource.&amp;nbsp;&lt;/span&gt;&lt;/p&gt;\n\n&lt;p&gt;&amp;nbsp;&lt;/p&gt;\n&lt;/div&gt;\n&lt;/div&gt;\n\n&lt;div class=&quot;item&quot;&gt;\n&lt;div class=&quot;meta&quot;&gt;\n&lt;div class=&quot;upper-row&quot;&gt;\n&lt;h3 class=&quot;job-title&quot;&gt;&lt;span id=&quot;content&quot;&gt;PHPEasy MVC Framework&lt;/span&gt;&lt;/h3&gt;\n\n&lt;div class=&quot;time&quot;&gt;&lt;span id=&quot;content&quot;&gt;2017 - Present&lt;/span&gt;&lt;/div&gt;\n&lt;/div&gt;\n&lt;span id=&quot;content&quot;&gt;&lt;!--//upper-row--&gt; &lt;/span&gt;\n\n&lt;div class=&quot;company&quot;&gt;&lt;span id=&quot;content&quot;&gt;PHPEasy&lt;/span&gt;&lt;/div&gt;\n&lt;span id=&quot;content&quot;&gt; &lt;/span&gt;&lt;/div&gt;\n\n&lt;div class=&quot;role-meta&quot;&gt;\n&lt;p&gt;&lt;span id=&quot;content&quot;&gt;&lt;b&gt;Role: &lt;/b&gt;Founder/Developer/Analyser&lt;/span&gt;&lt;/p&gt;\n&lt;/div&gt;\n&lt;span id=&quot;content&quot;&gt;&lt;!--//meta--&gt; &lt;/span&gt;\n\n&lt;div class=&quot;details&quot;&gt;\n&lt;div class=&quot;main-details&quot;&gt;\n&lt;p&gt;&lt;span id=&quot;content&quot;&gt;According to the need of the developers to create PHP website. This framework basically is a very powerful framework which has many built-in APIs. It will help developers to build their website more effectiveness and efficiency.&lt;/span&gt;&lt;/p&gt;\n&lt;/div&gt;\n\n&lt;div class=&quot;additional-details&quot;&gt;&lt;span id=&quot;content&quot;&gt;&lt;b&gt;More Information: &lt;/b&gt; &lt;/span&gt;\n\n&lt;p&gt;&lt;span id=&quot;content&quot;&gt;Currently, it is not released yet! For more information please check: &lt;a href=&quot;http://phpeasy.ml&quot;&gt;http://phpeasy.ml&lt;/a&gt;&lt;/span&gt;&lt;/p&gt;\n&lt;span id=&quot;content&quot;&gt; &lt;/span&gt;&lt;/div&gt;\n&lt;/div&gt;\n&lt;span id=&quot;content&quot;&gt; &lt;!--//details--&gt; &lt;/span&gt;&lt;/div&gt;\n&lt;span id=&quot;content&quot;&gt;&lt;!--//item--&gt; &lt;/span&gt;\n\n&lt;div class=&quot;item&quot;&gt;\n&lt;div class=&quot;meta&quot;&gt;\n&lt;div class=&quot;upper-row&quot;&gt;\n&lt;h3 class=&quot;job-title&quot;&gt;&lt;span id=&quot;content&quot;&gt;Internship at Amaris&lt;/span&gt;&lt;/h3&gt;\n\n&lt;div class=&quot;time&quot;&gt;&lt;span id=&quot;content&quot;&gt;2016 - 2017&lt;/span&gt;&lt;/div&gt;\n&lt;/div&gt;\n&lt;span id=&quot;content&quot;&gt;&lt;!--//upper-row--&gt; &lt;/span&gt;\n\n&lt;div class=&quot;company&quot;&gt;&lt;span id=&quot;content&quot;&gt;Amaris&lt;/span&gt;&lt;/div&gt;\n&lt;span id=&quot;content&quot;&gt; &lt;/span&gt;&lt;/div&gt;\n\n&lt;div class=&quot;role-meta&quot;&gt;\n&lt;p&gt;&lt;span id=&quot;content&quot;&gt;&lt;b&gt;Role: &lt;/b&gt;C# Junior Developer&lt;/span&gt;&lt;/p&gt;\n\n&lt;p&gt;&lt;span id=&quot;content&quot;&gt;&lt;b&gt;Time: &lt;/b&gt;3 months&lt;/span&gt;&lt;/p&gt;\n&lt;/div&gt;\n&lt;span id=&quot;content&quot;&gt;&lt;!--//meta--&gt; &lt;/span&gt;\n\n&lt;div class=&quot;details&quot;&gt;\n&lt;p&gt;&lt;span id=&quot;content&quot;&gt;Work on C# MVC framework, Sitefinity CMS.&lt;/span&gt;&lt;/p&gt;\n&lt;/div&gt;\n&lt;span id=&quot;content&quot;&gt; &lt;!--//details--&gt; &lt;/span&gt;&lt;/div&gt;\n&lt;span id=&quot;content&quot;&gt; &lt;!--//item--&gt; &lt;/span&gt;\n\n&lt;div class=&quot;item&quot;&gt;\n&lt;div class=&quot;meta&quot;&gt;\n&lt;div class=&quot;upper-row&quot;&gt;\n&lt;h3 class=&quot;job-title&quot;&gt;&lt;span id=&quot;content&quot;&gt;Logisticom Warehouse Management System&lt;/span&gt;&lt;/h3&gt;\n\n&lt;div class=&quot;time&quot;&gt;&lt;span id=&quot;content&quot;&gt;2016&lt;/span&gt;&lt;/div&gt;\n&lt;/div&gt;\n&lt;span id=&quot;content&quot;&gt;&lt;!--//upper-row--&gt; &lt;/span&gt;\n\n&lt;div class=&quot;company&quot;&gt;&lt;span id=&quot;content&quot;&gt;RMIT, Vietnam, Team Logisticom&lt;/span&gt;&lt;/div&gt;\n&lt;span id=&quot;content&quot;&gt; &lt;/span&gt;&lt;/div&gt;\n\n&lt;div class=&quot;role-meta&quot;&gt;\n&lt;p&gt;&lt;span id=&quot;content&quot;&gt;&lt;b&gt;Role: &lt;/b&gt;Main Developer/Analyser&lt;/span&gt;&lt;/p&gt;\n\n&lt;p&gt;&lt;span id=&quot;content&quot;&gt;&lt;b&gt;Time: &lt;/b&gt;3 months&lt;/span&gt;&lt;/p&gt;\n&lt;/div&gt;\n&lt;span id=&quot;content&quot;&gt;&lt;!--//meta--&gt; &lt;/span&gt;\n\n&lt;div class=&quot;details&quot;&gt;\n&lt;p&gt;&lt;span id=&quot;content&quot;&gt;The system that allows the users to access and play as a passenger. Website: &lt;a href=&quot;https://thelogisticomsystem.vn/&quot;&gt;https://thelogisticomsystem.vn/&lt;/a&gt;&lt;/span&gt;&lt;/p&gt;\n&lt;/div&gt;\n&lt;span id=&quot;content&quot;&gt; &lt;!--//details--&gt; &lt;/span&gt;&lt;/div&gt;\n&lt;span id=&quot;content&quot;&gt; &lt;!--//item--&gt; &lt;/span&gt;\n\n&lt;div class=&quot;item&quot;&gt;\n&lt;div class=&quot;meta&quot;&gt;\n&lt;div class=&quot;upper-row&quot;&gt;\n&lt;h3 class=&quot;job-title&quot;&gt;&lt;span id=&quot;content&quot;&gt;Workshop Register Application&lt;/span&gt;&lt;/h3&gt;\n\n&lt;div class=&quot;time&quot;&gt;&lt;span id=&quot;content&quot;&gt;2015&lt;/span&gt;&lt;/div&gt;\n&lt;/div&gt;\n&lt;span id=&quot;content&quot;&gt;&lt;!--//upper-row--&gt; &lt;/span&gt;\n\n&lt;div class=&quot;company&quot;&gt;&lt;span id=&quot;content&quot;&gt;RMIT, Vietnam, HR Department &amp;amp; IT Department&lt;/span&gt;&lt;/div&gt;\n&lt;span id=&quot;content&quot;&gt; &lt;/span&gt;&lt;/div&gt;\n\n&lt;div class=&quot;role-meta&quot;&gt;\n&lt;p&gt;&lt;span id=&quot;content&quot;&gt;&lt;b&gt;Role: &lt;/b&gt;Main Developer/Analyser&lt;/span&gt;&lt;/p&gt;\n\n&lt;p&gt;&lt;span id=&quot;content&quot;&gt;&lt;b&gt;Time: &lt;/b&gt;3 months&lt;/span&gt;&lt;/p&gt;\n&lt;/div&gt;\n&lt;span id=&quot;content&quot;&gt;&lt;!--//meta--&gt; &lt;/span&gt;\n\n&lt;div class=&quot;details&quot;&gt;\n&lt;p&gt;&lt;span id=&quot;content&quot;&gt;The system that allows the (new) students or customers of RMIT. Who attempts to the event day can select the workshops that they want to attempt. Website: &lt;a href=&quot;http://rmithocthu.vn&quot;&gt;http://rmithocthu.vn&lt;/a&gt; &lt;/span&gt;&lt;/p&gt;\n&lt;/div&gt;\n&lt;span id=&quot;content&quot;&gt; &lt;!--//details--&gt; &lt;/span&gt;&lt;/div&gt;\n&lt;span id=&quot;content&quot;&gt; &lt;!--//item--&gt; &lt;/span&gt;\n\n&lt;div class=&quot;item&quot;&gt;\n&lt;div class=&quot;meta&quot;&gt;\n&lt;div class=&quot;upper-row&quot;&gt;\n&lt;h3 class=&quot;job-title&quot;&gt;&lt;span id=&quot;content&quot;&gt;Freelancer&lt;/span&gt;&lt;/h3&gt;\n\n&lt;div class=&quot;time&quot;&gt;&lt;span id=&quot;content&quot;&gt;2013 - Present&lt;/span&gt;&lt;/div&gt;\n&lt;/div&gt;\n&lt;span id=&quot;content&quot;&gt;&lt;!--//upper-row--&gt; &lt;/span&gt;\n\n&lt;div class=&quot;company&quot;&gt;&lt;span id=&quot;content&quot;&gt;HCM&lt;/span&gt;&lt;/div&gt;\n&lt;span id=&quot;content&quot;&gt; &lt;/span&gt;&lt;/div&gt;\n\n&lt;div class=&quot;role-meta&quot;&gt;\n&lt;p&gt;&lt;span id=&quot;content&quot;&gt;&lt;b&gt;Role: &lt;/b&gt;Main Developer/Analyser&lt;/span&gt;&lt;/p&gt;\n&lt;/div&gt;\n&lt;span id=&quot;content&quot;&gt;&lt;!--//meta--&gt; &lt;/span&gt;\n\n&lt;div class=&quot;details&quot;&gt;\n&lt;p&gt;&lt;span id=&quot;content&quot;&gt;Made several web pages at this time. Coded in PHP and Jquery Ajax.&lt;/span&gt;&lt;/p&gt;\n&lt;/div&gt;\n&lt;span id=&quot;content&quot;&gt; &lt;!--//details--&gt; &lt;/span&gt;&lt;/div&gt;\n&lt;span id=&quot;content&quot;&gt; &lt;!--//item--&gt; &lt;/span&gt;\n\n&lt;div class=&quot;item&quot;&gt;\n&lt;div class=&quot;meta&quot;&gt;\n&lt;div class=&quot;upper-row&quot;&gt;\n&lt;h3 class=&quot;job-title&quot;&gt;&lt;span id=&quot;content&quot;&gt;Math Solving Calculator For Grade 11 and 12&lt;/span&gt;&lt;/h3&gt;\n\n&lt;div class=&quot;time&quot;&gt;&lt;span id=&quot;content&quot;&gt;2012 - 2013&lt;/span&gt;&lt;/div&gt;\n&lt;/div&gt;\n&lt;span id=&quot;content&quot;&gt;&lt;!--//upper-row--&gt; &lt;/span&gt;\n\n&lt;div class=&quot;company&quot;&gt;&lt;span id=&quot;content&quot;&gt;CIS, HCM&lt;/span&gt;&lt;/div&gt;\n&lt;span id=&quot;content&quot;&gt; &lt;/span&gt;&lt;/div&gt;\n&lt;span id=&quot;content&quot;&gt;&lt;!--//meta--&gt; &lt;/span&gt;\n\n&lt;div class=&quot;role-meta&quot;&gt;\n&lt;p&gt;&lt;span id=&quot;content&quot;&gt;&lt;b&gt;Role: &lt;/b&gt;Main Developer/Analyser&lt;/span&gt;&lt;/p&gt;\n&lt;/div&gt;\n&lt;span id=&quot;content&quot;&gt; &lt;/span&gt;\n\n&lt;div class=&quot;details&quot;&gt;\n&lt;p&gt;&lt;span id=&quot;content&quot;&gt;Made a calculator to solve all the function and math problem in grade 11 and 12.&lt;/span&gt;&lt;/p&gt;\n&lt;/div&gt;\n&lt;span id=&quot;content&quot;&gt; &lt;!--//details--&gt; &lt;/span&gt;&lt;/div&gt;\n&lt;span id=&quot;content&quot;&gt; &lt;!--//item--&gt; &lt;/span&gt;\n\n&lt;div class=&quot;item&quot;&gt;\n&lt;div class=&quot;meta&quot;&gt;\n&lt;div class=&quot;upper-row&quot;&gt;\n&lt;h3 class=&quot;job-title&quot;&gt;&lt;span id=&quot;content&quot;&gt;Private Game Online Publisher&lt;/span&gt;&lt;/h3&gt;\n\n&lt;div class=&quot;time&quot;&gt;&lt;span id=&quot;content&quot;&gt;2011 - 2012&lt;/span&gt;&lt;/div&gt;\n&lt;/div&gt;\n&lt;span id=&quot;content&quot;&gt;&lt;!--//upper-row--&gt; &lt;/span&gt;\n\n&lt;div class=&quot;company&quot;&gt;&lt;span id=&quot;content&quot;&gt;HarmonyMU, HCM&lt;/span&gt;&lt;/div&gt;\n&lt;span id=&quot;content&quot;&gt; &lt;/span&gt;&lt;/div&gt;\n&lt;span id=&quot;content&quot;&gt;&lt;!--//meta--&gt; &lt;/span&gt;\n\n&lt;div class=&quot;role-meta&quot;&gt;\n&lt;p&gt;&lt;span id=&quot;content&quot;&gt;&lt;b&gt;Role: &lt;/b&gt;Administrator/Developer/Publisher&lt;/span&gt;&lt;/p&gt;\n&lt;/div&gt;\n&lt;span id=&quot;content&quot;&gt; &lt;/span&gt;\n\n&lt;div class=&quot;details&quot;&gt;\n&lt;p&gt;&lt;span id=&quot;content&quot;&gt;Hosted a game online at home. Administrated and configured of the server. Fan page: &lt;a href=&quot;https://www.facebook.com/zHarmonyMuz/?fref=ts&quot;&gt;https://www.facebook.com/zHarmonyMuz/?fref=ts&lt;/a&gt;&lt;/span&gt;&lt;/p&gt;\n&lt;/div&gt;\n&lt;span id=&quot;content&quot;&gt; &lt;!--//details--&gt; &lt;/span&gt;&lt;/div&gt;\n&lt;span id=&quot;content&quot;&gt; &lt;!--//item--&gt; &lt;/span&gt;\n\n&lt;div class=&quot;item&quot;&gt;\n&lt;div class=&quot;meta&quot;&gt;\n&lt;div class=&quot;upper-row&quot;&gt;\n&lt;h3 class=&quot;job-title&quot;&gt;&lt;span id=&quot;content&quot;&gt;Warcraft Map Game Creator&lt;/span&gt;&lt;/h3&gt;\n\n&lt;div class=&quot;time&quot;&gt;&lt;span id=&quot;content&quot;&gt;2010 - 2011&lt;/span&gt;&lt;/div&gt;\n&lt;/div&gt;\n&lt;span id=&quot;content&quot;&gt;&lt;!--//upper-row--&gt; &lt;/span&gt;\n\n&lt;div class=&quot;company&quot;&gt;&lt;span id=&quot;content&quot;&gt;Warcraft Game&lt;/span&gt;&lt;/div&gt;\n&lt;span id=&quot;content&quot;&gt; &lt;/span&gt;&lt;/div&gt;\n&lt;span id=&quot;content&quot;&gt;&lt;!--//meta--&gt; &lt;/span&gt;\n\n&lt;div class=&quot;role-meta&quot;&gt;\n&lt;p&gt;&lt;span id=&quot;content&quot;&gt;&lt;b&gt;Role: &lt;/b&gt;Map Creator&lt;/span&gt;&lt;/p&gt;\n&lt;/div&gt;\n&lt;span id=&quot;content&quot;&gt; &lt;/span&gt;\n\n&lt;div class=&quot;details&quot;&gt;\n&lt;p&gt;&lt;span id=&quot;content&quot;&gt;Created several&amp;nbsp;map game at that time, kind of MMO using Warcraft map creator and did some &lt;/span&gt;&lt;span&gt;pseudo code.&lt;/span&gt;&lt;/p&gt;\n&lt;/div&gt;\n&lt;span id=&quot;content&quot;&gt; &lt;!--//details--&gt; &lt;/span&gt;&lt;/div&gt;\n&lt;span id=&quot;content&quot;&gt; &lt;!--//item--&gt; &lt;/span&gt;&lt;/section&gt;\n&lt;span id=&quot;content&quot;&gt; &lt;!--//section--&gt; &lt;/span&gt;\n\n&lt;section class=&quot;section projects-section&quot;&gt;\n&lt;h2 class=&quot;section-title&quot;&gt;&lt;span id=&quot;content&quot;&gt;&lt;i aria-hidden=&quot;true&quot; class=&quot;fa fa-link&quot;&gt;&lt;/i&gt;Reference Projects&lt;/span&gt;&lt;/h2&gt;\n\n&lt;hr&gt;\n&lt;div class=&quot;intro&quot;&gt;&lt;span class=&quot;project-title&quot;&gt;&lt;a href=&quot;http://phpeasy.ml/&quot;&gt;PHPEasy MVC Framework&lt;/a&gt;&lt;/span&gt; - &lt;span class=&quot;project-tagline&quot;&gt;This is the MVC Framework, coded base on PHP, Jquery, HTML5, Bootstrap 3. It helps the developer to build their website faster with many plugged APIs.&lt;/span&gt;&lt;/div&gt;\n\n&lt;div class=&quot;item&quot;&gt;&lt;span id=&quot;content&quot;&gt;&lt;span class=&quot;project-tagline&quot;&gt;Current this framework is not released yet. If you interesting, please check the website for more information.&lt;/span&gt; &lt;/span&gt;&lt;/div&gt;\n&lt;span id=&quot;content&quot;&gt;&lt;!--//item--&gt; &lt;/span&gt;\n\n&lt;div class=&quot;item&quot;&gt;&lt;span id=&quot;content&quot;&gt;&lt;span class=&quot;project-title&quot;&gt;&lt;a href=&quot;https://thelogisticomsystem.vn/&quot;&gt;Warehouse Management System&lt;/a&gt;&lt;/span&gt; - &lt;span class=&quot;project-tagline&quot;&gt;An application for the passenger record, update, delete the current items in inventory.&lt;/span&gt; &lt;/span&gt;&lt;/div&gt;\n&lt;span id=&quot;content&quot;&gt; &lt;!--//item--&gt; &lt;/span&gt;\n\n&lt;div class=&quot;item&quot;&gt;&lt;span id=&quot;content&quot;&gt;&lt;span class=&quot;project-title&quot;&gt;&lt;a href=&quot;http://rmithocthu.vn/&quot; target=&quot;_blank&quot;&gt;Workshop Registration&lt;/a&gt;&lt;/span&gt; - &lt;span class=&quot;project-tagline&quot;&gt;An application to register workshops for the event. &lt;/span&gt; &lt;/span&gt;&lt;/div&gt;\n&lt;span id=&quot;content&quot;&gt; &lt;!--//item--&gt; &lt;/span&gt;&lt;/section&gt;\n&lt;span id=&quot;content&quot;&gt; &lt;!--//section--&gt; &lt;/span&gt;\n\n&lt;section class=&quot;skills-section section&quot;&gt;\n&lt;h2 class=&quot;section-title&quot;&gt;&lt;span id=&quot;content&quot;&gt;&lt;i aria-hidden=&quot;true&quot; class=&quot;fa fa-cogs&quot;&gt;&lt;/i&gt;Skills &amp;amp; Proficiency&lt;/span&gt;&lt;/h2&gt;\n\n&lt;hr&gt;\n&lt;h3 class=&quot;section-title title-smaller&quot; style=&quot;margin-left: 40px;&quot;&gt;&lt;span id=&quot;content&quot;&gt;&lt;i aria-hidden=&quot;true&quot; class=&quot;fa fa-building&quot;&gt;&lt;/i&gt;Business Analysis Skill&lt;/span&gt;&lt;/h3&gt;\n&amp;nbsp;\n\n&lt;div class=&quot;skillset&quot;&gt;\n&lt;div class=&quot;item&quot;&gt;\n&lt;h3 class=&quot;level-title&quot;&gt;&lt;span id=&quot;content&quot;&gt;Situation Analysis:&lt;/span&gt;&lt;/h3&gt;\n\n&lt;div class=&quot;level-bar&quot;&gt;\n&lt;div class=&quot;level-bar-inner&quot; data-level=&quot;80%&quot; data-value=&quot;75&quot; style=&quot;width: 5.10016%; overflow: hidden;&quot;&gt;&amp;nbsp;&lt;/div&gt;\n&lt;/div&gt;\n&lt;span id=&quot;content&quot;&gt;&lt;!--//level-bar--&gt; &lt;/span&gt;\n\n&lt;div class=&quot;text-right&quot;&gt;&lt;span id=&quot;content&quot;&gt;&lt;kbd&gt;4/5&lt;/kbd&gt;&lt;/span&gt;&lt;/div&gt;\n&lt;span id=&quot;content&quot;&gt; &lt;/span&gt;&lt;/div&gt;\n&lt;span id=&quot;content&quot;&gt;&lt;!--//item--&gt; &lt;/span&gt;\n\n&lt;div class=&quot;item&quot;&gt;\n&lt;h3 class=&quot;level-title&quot;&gt;&lt;span id=&quot;content&quot;&gt;Solution Design:&lt;/span&gt;&lt;/h3&gt;\n\n&lt;div class=&quot;level-bar&quot;&gt;\n&lt;div class=&quot;level-bar-inner&quot; data-level=&quot;70%&quot; data-value=&quot;75&quot; style=&quot;width: 4.46264%; overflow: hidden;&quot;&gt;&amp;nbsp;&lt;/div&gt;\n&lt;/div&gt;\n&lt;span id=&quot;content&quot;&gt;&lt;!--//level-bar--&gt; &lt;/span&gt;\n\n&lt;div class=&quot;text-right&quot;&gt;&lt;span id=&quot;content&quot;&gt;&lt;kbd&gt;3.5/5&lt;/kbd&gt;&lt;/span&gt;&lt;/div&gt;\n&lt;span id=&quot;content&quot;&gt; &lt;/span&gt;&lt;/div&gt;\n&lt;span id=&quot;content&quot;&gt; &lt;!--//item--&gt; &lt;/span&gt;\n\n&lt;div class=&quot;item&quot;&gt;\n&lt;h3 class=&quot;level-title&quot;&gt;&lt;span id=&quot;content&quot;&gt;Team Management Skill:&lt;/span&gt;&lt;/h3&gt;\n\n&lt;div class=&quot;level-bar&quot;&gt;\n&lt;div class=&quot;level-bar-inner&quot; data-level=&quot;80%&quot; data-value=&quot;75&quot; style=&quot;width: 5.10016%; overflow: hidden;&quot;&gt;&amp;nbsp;&lt;/div&gt;\n&lt;/div&gt;\n&lt;span id=&quot;content&quot;&gt;&lt;!--//level-bar--&gt; &lt;/span&gt;\n\n&lt;div class=&quot;text-right&quot;&gt;&lt;span id=&quot;content&quot;&gt;&lt;kbd&gt;4/5&lt;/kbd&gt;&lt;/span&gt;&lt;/div&gt;\n&lt;span id=&quot;content&quot;&gt; &lt;/span&gt;&lt;/div&gt;\n&lt;span id=&quot;content&quot;&gt; &lt;!--//item--&gt; &lt;/span&gt;\n\n&lt;div class=&quot;item&quot;&gt;\n&lt;h3 class=&quot;level-title&quot;&gt;&lt;span id=&quot;content&quot;&gt;Communication:&lt;/span&gt;&lt;/h3&gt;\n\n&lt;div class=&quot;level-bar&quot;&gt;\n&lt;div class=&quot;level-bar-inner&quot; data-level=&quot;70%&quot; data-value=&quot;75&quot; style=&quot;width: 4.46264%; overflow: hidden;&quot;&gt;&amp;nbsp;&lt;/div&gt;\n&lt;/div&gt;\n&lt;span id=&quot;content&quot;&gt;&lt;!--//level-bar--&gt; &lt;/span&gt;\n\n&lt;div class=&quot;text-right&quot;&gt;&lt;span id=&quot;content&quot;&gt;&lt;kbd&gt;3.5/5&lt;/kbd&gt;&lt;/span&gt;&lt;/div&gt;\n&lt;span id=&quot;content&quot;&gt; &lt;/span&gt;&lt;/div&gt;\n&lt;span id=&quot;content&quot;&gt; &lt;!--//item--&gt; &lt;/span&gt;\n\n&lt;div class=&quot;item&quot;&gt;\n&lt;h3 class=&quot;level-title&quot;&gt;&lt;span id=&quot;content&quot;&gt;Agile Process Knowledge:&lt;/span&gt;&lt;/h3&gt;\n\n&lt;div class=&quot;level-bar&quot;&gt;\n&lt;div class=&quot;level-bar-inner&quot; data-level=&quot;80%&quot; data-value=&quot;75&quot; style=&quot;width: 5.10016%; overflow: hidden;&quot;&gt;&amp;nbsp;&lt;/div&gt;\n&lt;/div&gt;\n&lt;span id=&quot;content&quot;&gt;&lt;!--//level-bar--&gt; &lt;/span&gt;\n\n&lt;div class=&quot;text-right&quot;&gt;&lt;span id=&quot;content&quot;&gt;&lt;kbd&gt;4/5&lt;/kbd&gt;&lt;/span&gt;&lt;/div&gt;\n&lt;span id=&quot;content&quot;&gt; &lt;/span&gt;&lt;/div&gt;\n&lt;span id=&quot;content&quot;&gt; &lt;!--//item--&gt; &lt;/span&gt;\n\n&lt;div class=&quot;item&quot;&gt;\n&lt;h3 class=&quot;level-title&quot;&gt;&lt;span id=&quot;content&quot;&gt;Technical Knowledge:&lt;/span&gt;&lt;/h3&gt;\n\n&lt;div class=&quot;level-bar&quot;&gt;\n&lt;div class=&quot;level-bar-inner&quot; data-level=&quot;80%&quot; data-value=&quot;75&quot; style=&quot;width: 5.10016%; overflow: hidden;&quot;&gt;&amp;nbsp;&lt;/div&gt;\n&lt;/div&gt;\n&lt;span id=&quot;content&quot;&gt;&lt;!--//level-bar--&gt; &lt;/span&gt;\n\n&lt;div class=&quot;text-right&quot;&gt;&lt;span id=&quot;content&quot;&gt;&lt;kbd&gt;4/5&lt;/kbd&gt;&lt;/span&gt;&lt;/div&gt;\n&lt;span id=&quot;content&quot;&gt; &lt;/span&gt;&lt;/div&gt;\n&lt;span id=&quot;content&quot;&gt; &lt;!--//item--&gt; &lt;/span&gt;&lt;/div&gt;\n&amp;nbsp;\n\n&lt;h3 class=&quot;section-title title-smaller&quot; style=&quot;margin-left: 40px;&quot;&gt;&lt;span id=&quot;content&quot;&gt;&lt;i aria-hidden=&quot;true&quot; class=&quot;fa fa-code&quot;&gt;&lt;/i&gt;Coding Skill&lt;/span&gt;&lt;/h3&gt;\n&amp;nbsp;\n\n&lt;div class=&quot;skillset&quot;&gt;\n&lt;div class=&quot;item&quot;&gt;\n&lt;h3 class=&quot;level-title&quot;&gt;&lt;span id=&quot;content&quot;&gt;PHP:&lt;/span&gt;&lt;/h3&gt;\n\n&lt;div class=&quot;level-bar&quot;&gt;\n&lt;div class=&quot;level-bar-inner&quot; data-level=&quot;100%&quot; data-value=&quot;75&quot; style=&quot;width: 6.3752%; overflow: hidden;&quot;&gt;&amp;nbsp;&lt;/div&gt;\n&lt;/div&gt;\n&lt;span id=&quot;content&quot;&gt;&lt;!--//level-bar--&gt; &lt;/span&gt;\n\n&lt;div class=&quot;text-right&quot;&gt;&lt;span id=&quot;content&quot;&gt;&lt;kbd&gt;5/5&lt;/kbd&gt;&lt;/span&gt;&lt;/div&gt;\n&lt;span id=&quot;content&quot;&gt; &lt;/span&gt;&lt;/div&gt;\n&lt;span id=&quot;content&quot;&gt;&lt;!--//item--&gt; &lt;/span&gt;\n\n&lt;div class=&quot;item&quot;&gt;\n&lt;h3 class=&quot;level-title&quot;&gt;&lt;span id=&quot;content&quot;&gt;HTML5:&lt;/span&gt;&lt;/h3&gt;\n\n&lt;div class=&quot;level-bar&quot;&gt;\n&lt;div class=&quot;level-bar-inner&quot; data-level=&quot;90%&quot; style=&quot;width: 5.73768%; overflow: hidden;&quot;&gt;&amp;nbsp;&lt;/div&gt;\n&lt;/div&gt;\n&lt;span id=&quot;content&quot;&gt;&lt;!--//level-bar--&gt; &lt;/span&gt;\n\n&lt;div class=&quot;text-right&quot;&gt;&lt;span id=&quot;content&quot;&gt;&lt;kbd&gt;4.5/5&lt;/kbd&gt;&lt;/span&gt;&lt;/div&gt;\n&lt;span id=&quot;content&quot;&gt; &lt;/span&gt;&lt;/div&gt;\n&lt;span id=&quot;content&quot;&gt; &lt;!--//item--&gt; &lt;/span&gt;\n\n&lt;div class=&quot;item&quot;&gt;\n&lt;h3 class=&quot;level-title&quot;&gt;&lt;span id=&quot;content&quot;&gt;CSS:&lt;/span&gt;&lt;/h3&gt;\n\n&lt;div class=&quot;level-bar&quot;&gt;\n&lt;div class=&quot;level-bar-inner&quot; data-level=&quot;80%&quot; style=&quot;width: 5.10016%; overflow: hidden;&quot;&gt;&amp;nbsp;&lt;/div&gt;\n&lt;/div&gt;\n&lt;span id=&quot;content&quot;&gt;&lt;!--//level-bar--&gt; &lt;/span&gt;\n\n&lt;div class=&quot;text-right&quot;&gt;&lt;span id=&quot;content&quot;&gt;&lt;kbd&gt;4/5&lt;/kbd&gt;&lt;/span&gt;&lt;/div&gt;\n&lt;span id=&quot;content&quot;&gt; &lt;/span&gt;&lt;/div&gt;\n&lt;span id=&quot;content&quot;&gt; &lt;!--//item--&gt; &lt;/span&gt;\n\n&lt;div class=&quot;item&quot;&gt;\n&lt;h3 class=&quot;level-title&quot;&gt;&lt;span id=&quot;content&quot;&gt;JQUERY:&lt;/span&gt;&lt;/h3&gt;\n\n&lt;div class=&quot;level-bar&quot;&gt;\n&lt;div class=&quot;level-bar-inner&quot; data-level=&quot;90%&quot; style=&quot;width: 5.73768%; overflow: hidden;&quot;&gt;&amp;nbsp;&lt;/div&gt;\n&lt;/div&gt;\n&lt;span id=&quot;content&quot;&gt;&lt;!--//level-bar--&gt; &lt;/span&gt;\n\n&lt;div class=&quot;text-right&quot;&gt;&lt;span id=&quot;content&quot;&gt;&lt;kbd&gt;4.5/5&lt;/kbd&gt;&lt;/span&gt;&lt;/div&gt;\n&lt;span id=&quot;content&quot;&gt; &lt;/span&gt;&lt;/div&gt;\n&lt;span id=&quot;content&quot;&gt; &lt;!--//item--&gt; &lt;/span&gt;\n\n&lt;div class=&quot;item&quot;&gt;\n&lt;h3 class=&quot;level-title&quot;&gt;&lt;span id=&quot;content&quot;&gt;MySQL:&lt;/span&gt;&lt;/h3&gt;\n\n&lt;div class=&quot;level-bar&quot;&gt;\n&lt;div class=&quot;level-bar-inner&quot; data-level=&quot;90%&quot; style=&quot;width: 5.73768%; overflow: hidden;&quot;&gt;&amp;nbsp;&lt;/div&gt;\n&lt;/div&gt;\n&lt;span id=&quot;content&quot;&gt;&lt;!--//level-bar--&gt; &lt;/span&gt;\n\n&lt;div class=&quot;text-right&quot;&gt;&lt;span id=&quot;content&quot;&gt;&lt;kbd&gt;4.5/5&lt;/kbd&gt;&lt;/span&gt;&lt;/div&gt;\n&lt;span id=&quot;content&quot;&gt; &lt;/span&gt;&lt;/div&gt;\n&lt;span id=&quot;content&quot;&gt; &lt;!--//item--&gt; &lt;/span&gt;\n\n&lt;div class=&quot;item&quot;&gt;\n&lt;h3 class=&quot;level-title&quot;&gt;&lt;span id=&quot;content&quot;&gt;VB.Net:&lt;/span&gt;&lt;/h3&gt;\n\n&lt;div class=&quot;level-bar&quot;&gt;\n&lt;div class=&quot;level-bar-inner&quot; data-level=&quot;70%&quot; style=&quot;width: 4.46264%; overflow: hidden;&quot;&gt;&amp;nbsp;&lt;/div&gt;\n&lt;/div&gt;\n&lt;span id=&quot;content&quot;&gt;&lt;!--//level-bar--&gt; &lt;/span&gt;\n\n&lt;div class=&quot;text-right&quot;&gt;&lt;span id=&quot;content&quot;&gt;&lt;kbd&gt;3.5/5&lt;/kbd&gt;&lt;/span&gt;&lt;/div&gt;\n&lt;span id=&quot;content&quot;&gt; &lt;/span&gt;&lt;/div&gt;\n&lt;span id=&quot;content&quot;&gt; &lt;!--//item--&gt; &lt;/span&gt;\n\n&lt;div class=&quot;item&quot;&gt;\n&lt;h3 class=&quot;level-title&quot;&gt;&lt;span id=&quot;content&quot;&gt;C#:&lt;/span&gt;&lt;/h3&gt;\n\n&lt;div class=&quot;level-bar&quot;&gt;\n&lt;div class=&quot;level-bar-inner&quot; data-level=&quot;50%&quot; style=&quot;width: 3.1876%; overflow: hidden;&quot;&gt;&amp;nbsp;&lt;/div&gt;\n&lt;/div&gt;\n&lt;span id=&quot;content&quot;&gt;&lt;!--//level-bar--&gt; &lt;/span&gt;\n\n&lt;div class=&quot;text-right&quot;&gt;&lt;span id=&quot;content&quot;&gt;&lt;kbd&gt;2.5/5&lt;/kbd&gt;&lt;/span&gt;&lt;/div&gt;\n&lt;span id=&quot;content&quot;&gt; &lt;/span&gt;&lt;/div&gt;\n&lt;span id=&quot;content&quot;&gt; &lt;!--//item--&gt; &lt;/span&gt;\n\n&lt;div class=&quot;item&quot;&gt;\n&lt;h3 class=&quot;level-title&quot;&gt;&lt;span id=&quot;content&quot;&gt;Boostrap:&lt;/span&gt;&lt;/h3&gt;\n\n&lt;div class=&quot;level-bar&quot;&gt;\n&lt;div class=&quot;level-bar-inner&quot; data-level=&quot;90%&quot; style=&quot;width: 5.73768%; overflow: hidden;&quot;&gt;&amp;nbsp;&lt;/div&gt;\n&lt;/div&gt;\n&lt;span id=&quot;content&quot;&gt;&lt;!--//level-bar--&gt; &lt;/span&gt;\n\n&lt;div class=&quot;text-right&quot;&gt;&lt;span id=&quot;content&quot;&gt;&lt;kbd&gt;4.5/5&lt;/kbd&gt;&lt;/span&gt;&lt;/div&gt;\n&lt;span id=&quot;content&quot;&gt; &lt;/span&gt;&lt;/div&gt;\n&lt;span id=&quot;content&quot;&gt; &lt;!--//item--&gt; &lt;/span&gt;\n\n&lt;div class=&quot;item&quot;&gt;\n&lt;h3 class=&quot;level-title&quot;&gt;&lt;span id=&quot;content&quot;&gt;CMS:&lt;/span&gt;&lt;/h3&gt;\n\n&lt;div class=&quot;level-bar&quot;&gt;\n&lt;div class=&quot;level-bar-inner&quot; data-level=&quot;60%&quot; style=&quot;width: 2.55008%; overflow: hidden;&quot;&gt;&amp;nbsp;&lt;/div&gt;\n&lt;/div&gt;\n&lt;span id=&quot;content&quot;&gt;&lt;!--//level-bar--&gt; &lt;/span&gt;\n\n&lt;div class=&quot;text-right&quot;&gt;&lt;span id=&quot;content&quot;&gt;&lt;kbd&gt;3/5&lt;/kbd&gt;&lt;/span&gt;&lt;/div&gt;\n&lt;span id=&quot;content&quot;&gt; &lt;/span&gt;&lt;/div&gt;\n&lt;span id=&quot;content&quot;&gt; &lt;!--//item--&gt; &lt;/span&gt;\n\n&lt;div class=&quot;item&quot;&gt;\n&lt;h3 class=&quot;level-title&quot;&gt;&lt;span id=&quot;content&quot;&gt;MVC Framework:&lt;/span&gt;&lt;/h3&gt;\n\n&lt;div class=&quot;level-bar&quot;&gt;\n&lt;div class=&quot;level-bar-inner&quot; data-level=&quot;80%&quot; style=&quot;width: 5.10016%; overflow: hidden;&quot;&gt;&amp;nbsp;&lt;/div&gt;\n&lt;/div&gt;\n&lt;span id=&quot;content&quot;&gt;&lt;!--//level-bar--&gt; &lt;/span&gt;\n\n&lt;div class=&quot;text-right&quot;&gt;&lt;span id=&quot;content&quot;&gt;&lt;kbd&gt;4/5&lt;/kbd&gt;&lt;/span&gt;&lt;/div&gt;\n&lt;span id=&quot;content&quot;&gt; &lt;/span&gt;&lt;/div&gt;\n&lt;span id=&quot;content&quot;&gt; &lt;!--//item--&gt; &lt;/span&gt;&lt;/div&gt;\n&lt;/section&gt;\n&lt;span id=&quot;content&quot;&gt; &lt;!--//skills-section--&gt; &lt;/span&gt;&lt;/div&gt;\n&lt;span id=&quot;content&quot;&gt; &lt;!--//main-body--&gt; &lt;/span&gt;&lt;/div&gt;\n\n&lt;footer class=&quot;footer&quot;&gt;\n&lt;div class=&quot;text-center&quot;&gt;&lt;!--/* This template is released under the Creative Commons Attribution 3.0 License. Please keep the attribution link below when using for your own project. Thank you for your support. :) If you''''d like to use the template without the attribution, you can check out other license options via our website: themes.3rdwavemedia.com */--&gt;&lt;small class=&quot;copyright&quot;&gt;Copyright NeV3RmI 2016&lt;/small&gt;&lt;/div&gt;\n&lt;!--//container--&gt;&lt;/footer&gt;\n&lt;!--//footer--&gt;&lt;/div&gt;\n&lt;/section&gt;&lt;/div&gt;    &lt;/div&gt;&lt;/section&gt;&lt;section&gt;&lt;div class=&quot;container-full&quot;&gt;\n        &lt;div data-type=&quot;container-content&quot; class=&quot;&quot;&gt;&lt;/div&gt;\n    &lt;/div&gt;&lt;/section&gt;&lt;section&gt;&lt;div class=&quot;container-full&quot;&gt;        &lt;div data-type=&quot;container-content&quot; class=&quot;&quot;&gt;&lt;section data-type=&quot;component-text&quot;&gt;&lt;p style=&quot;text-align: center;&quot;&gt;&amp;nbsp;&lt;/p&gt;\n\n&lt;p style=&quot;text-align: center;&quot;&gt;&lt;span style=&quot;color:#ffffff;&quot;&gt;&copy; 2013 - 2017 NeV3RmI&lt;/span&gt;&lt;/p&gt;\n\n&lt;p style=&quot;text-align: center;&quot;&gt;&lt;span style=&quot;color:#ffffff;&quot;&gt;ALL RIGHTS RESERVED&lt;/span&gt;&lt;/p&gt;\n&lt;/section&gt;&lt;/div&gt;    &lt;/div&gt;&lt;/section&gt;&lt;section&gt;&lt;div class=&quot;container-full&quot;&gt;        &lt;div data-type=&quot;container-content&quot; class=&quot;&quot;&gt;&lt;section data-type=&quot;component-ckeditor-multieditors&quot;&gt;&lt;p&gt;&lt;span style=&quot;visibility: hidden; font-size: 0%&quot;&gt;Don''t delete this line!&lt;/span&gt; &lt;!-- \n    ////////////////////////////////\n                JQUERY:\n    ////////////////////////////////\n        1. INLINE:\n        &lt;script type=&quot;text/javascript&quot;&gt;\n            document.addEventListener(''DOMContentLoaded'',function(){\n                // Your JS Code HERE\n            })\n        &lt;/script&gt;    \n        \n        2. SRC:\n        &lt;script type=&quot;text/javascript&quot; defer src=&quot;PATH TO YOUR LINK&quot;&gt;&lt;/script&gt;\n    \n    \n    ////////////////////////////////\n                  CSS: \n    ////////////////////////////////                \n        1. INLINE:\n        &lt;style&gt;\n            // Your CSS Code HERE\n        &lt;/style&gt;\n\n        2. SRC:\n        &lt;link rel=&quot;stylesheet&quot; type=&quot;text/css&quot; href=&quot;PATH TO YOUR LINK&quot; &gt;\n--&gt;&lt;/p&gt;\n&lt;style type=&quot;text/css&quot;&gt;header, footer, .copyright{ display: none !important;}/* Background */.header .large-header {	position: fixed;    left: 0;    top: 0;    width: 100%;    height: 100%;	/*background: #333 url(http://nevprofile.ml/img/night-sky-stars.jpeg) center center no-repeat fixed;	-webkit-background-size: cover;	-moz-background-size: cover;	-o-background-size: cover;	background-size: cover;*/	overflow: hidden;	z-index: 0}.pdf{    position: absolute;    left: 5px;    color: #e50068;    z-index: 6;    top: 5px;	/*visibility:hidden;*/}#cmd{	color:rgba(251, 230, 68, 0.9);}/* Begin *//*    * Template Name: Orbit - Responsive Resume/CV Template for Developers * Version: 1.0 * Author: Xiaoying Riley * Twitter: @3rdwave_themes * License: Creative Commons Attribution 3.0 License * Website: http://themes.3rdwavemedia.com/*//* styles.css *//* ======= Base ======= */html{ height:100%; min-height:100%; }body {  font-family: ''''Roboto'''', sans-serif;  color: #545E6C;  background-color: #000000 !important;  background: -webkit-linear-gradient(blue, black); /* For Safari 5.1 to 6.0 */  background: -o-linear-gradient(blue, black); /* For Opera 11.1 to 12.0 */  background: -moz-linear-gradient(blue, black); /* For Firefox 3.6 to 15 */  background: linear-gradient(blue, black); /* Standard syntax */  font-size: 14px;  padding: 30px;  -webkit-font-smoothing: antialiased;  -moz-osx-font-smoothing: grayscale;  /* Parallex Image */  background-image: url(''https://wallpapercave.com/wp/VCf1lhA.jpg'');  background-repeat: no-repeat;  background-attachment: fixed;  background-position: center center;  -webkit-background-size: cover;  -moz-background-size: cover;  -o-background-size: cover;  background-size: cover;  min-height:100%;}h1,h2,h3,h4,h5,h6 {  font-weight: 700;}a {  color: #2d7788;  -webkit-transition: all 0.4s ease-in-out;  -moz-transition: all 0.4s ease-in-out;  -ms-transition: all 0.4s ease-in-out;  -o-transition: all 0.4s ease-in-out;}a:hover {  text-decoration: underline;  color: #1a454f;}a:focus {  text-decoration: none;}p {  line-height: 1.5;}.wrapper {  background: #42A8C0;  max-width: 960px;  margin: 0 auto;  position: relative;  -webkit-box-shadow: 0px 2px 4px rgba(0, 0, 0, 0.1);  -moz-box-shadow: 0px 2px 4px rgba(0, 0, 0, 0.1);  box-shadow: 0px 2px 4px rgba(0, 0, 0, 0.1);}.sidebar-wrapper {  background: #42A8C0;  position: absolute;  right: 0;  width: 250px;  height: 100%;  min-height: 800px;  color: #fff;}.sidebar-wrapper a {  color: #fff;}.sidebar-wrapper .profile-container {  padding: 30px;  background: rgba(0, 0, 0, 0.2);  text-align: center;  color: #fff;}.sidebar-wrapper .name {  font-size: 32px;  font-weight: 900;  margin-top: 0;  margin-bottom: 10px;}.sidebar-wrapper .tagline {  color: rgba(255, 255, 255, 0.6);  font-size: 16px;  font-weight: 400;  margin-top: 0;  margin-bottom: 0;}.sidebar-wrapper .profile {  margin-bottom: 15px;}.sidebar-wrapper .contact-list .fa {  margin-right: 5px;  font-size: 18px;  vertical-align: middle;}.sidebar-wrapper .contact-list li {  margin-bottom: 15px;}.sidebar-wrapper .contact-list li:last-child {  margin-bottom: 0;}.sidebar-wrapper .contact-list .email .fa {  font-size: 14px;}.sidebar-wrapper .container-block {  padding: 30px;}.sidebar-wrapper .container-block-title {  text-transform: uppercase;  font-size: 16px;  font-weight: 700;  margin-top: 0;  margin-bottom: 15px;}.sidebar-wrapper .degree {  font-size: 14px;  margin-top: 0;  margin-bottom: 5px;}.sidebar-wrapper .education-container .item {  margin-bottom: 15px;}.sidebar-wrapper .education-container .item:last-child {  margin-bottom: 0;}.sidebar-wrapper .education-container .meta {  color: rgba(255, 255, 255, 0.6);  font-weight: 500;  margin-bottom: 0px;  margin-top: 0;}.sidebar-wrapper .education-container .time {  color: rgba(255, 255, 255, 0.6);  font-weight: 500;  margin-bottom: 0px;}.sidebar-wrapper .languages-container .lang-desc {  color: rgba(255, 255, 255, 0.6);}.sidebar-wrapper .languages-list {  margin-bottom: 0;}.sidebar-wrapper .languages-list li {  margin-bottom: 10px;}.sidebar-wrapper .languages-list li:last-child {  margin-bottom: 0;}.sidebar-wrapper .interests-list {  margin-bottom: 0;}.sidebar-wrapper .interests-list li {  margin-bottom: 10px;}.sidebar-wrapper .interests-list li:last-child {  margin-bottom: 0;}.main-wrapper {  background: #fff;  padding: 60px;  padding-right: 300px;}.main-wrapper .section-title {  text-transform: uppercase;  font-size: 20px;  font-weight: 500;  color: #2d7788;  position: relative;  margin-top: 0;  margin-bottom: 20px;}.main-wrapper .section-title .fa {  width: 30px;  height: 30px;  margin-right: 8px;  display: inline-block;  color: #fff;  -webkit-border-radius: 50%;  -moz-border-radius: 50%;  -ms-border-radius: 50%;  -o-border-radius: 50%;  border-radius: 50%;  -moz-background-clip: padding;  -webkit-background-clip: padding-box;  background-clip: padding-box;  background: #2d7788;  text-align: center;  padding-top: 8px;  font-size: 16px;  position: relative;  top: -2px;}.main-wrapper .section {  margin-bottom: 60px;}.main-wrapper .experiences-section .item {  margin-bottom: 30px;}.main-wrapper .upper-row {  position: relative;  overflow: hidden;  margin-bottom: 2px;}.main-wrapper .job-title {  color: #3F4650;  font-size: 16px;  margin-top: 0;  margin-bottom: 0;  font-weight: 500;}.main-wrapper .time {  position: absolute;  right: 0;  top: 0;  color: #97AAC3;}.main-wrapper .company {  margin-bottom: 10px;  color: #97AAC3;}.main-wrapper .project-title {  font-size: 16px;  font-weight: 400;  margin-top: 0;  margin-bottom: 5px;}.main-wrapper .projects-section .intro {  margin-bottom: 30px;}.main-wrapper .projects-section .item {  margin-bottom: 15px;}.skillset .item {  margin-bottom: 15px;  overflow: hidden;}.skillset .level-title {  font-size: 14px;  margin-top: 0;  margin-bottom: 12px;}.skillset .level-bar {  height: 12px;  background: #f5f5f5;}.skillset .level-bar-inner {  height: 12px;  background: #7bc2d3;}.footer {  padding: 30px;  padding-top: 60px;}.footer .copyright {  line-height: 1.6;  color: #ffffff;  font-size: 13px;}.footer .fa-heart {  color: #fb866a;}/* Extra small devices (phones, less than 768px) */@media (max-width: 767px) {  .sidebar-wrapper {    position: static;    width: inherit;  }  .main-wrapper {    padding: 30px;  }  .main-wrapper .time {    position: static;    display: block;    margin-top: 5px;  }  .main-wrapper .upper-row {    margin-bottom: 0;  }}/* Small devices (tablets, 768px and up) *//* Medium devices (desktops, 992px and up) */@media (min-width: 992px) {  .skillset .level-title {    display: inline-block;    float: left;    width: 30%;    margin-bottom: 0;  }  .skillset .level-bar {    display: inline-block;    width: 70%;    float: left;    position: relative;    top: 1px;  }}/* Large devices (large desktops, 1200px and up) *//* Ex-Large devices (large desktops, 1200px and up) */\n&lt;/style&gt;\n&lt;/section&gt;&lt;/div&gt;    &lt;/div&gt;&lt;/section&gt;', 1, 1, 0, 0, 1, 2);
INSERT INTO `FunctionStage` (`FunctionStageId`, `FunctionId`, `StageName`, `StageDescription`, `Content`, `HideNavigationBar`, `HideFooter`, `NavbarTransparent`, `NavbarConfig`, `LanguageId`, `CreatedBy`) VALUES
(6, 40, 'Main', 'Main Page', '&lt;section&gt;&lt;div class=&quot;container&quot;&gt;\n        &lt;div class=&quot;row&quot;&gt;\n            &lt;div class=&quot;col-sm-3&quot; data-type=&quot;container-content&quot;&gt;\n            &lt;/div&gt;\n            &lt;div class=&quot;col-sm-6&quot; data-type=&quot;container-content&quot;&gt;\n            &lt;section data-type=&quot;component-text&quot;&gt;&lt;div class=&quot;row&quot;&gt;\n&lt;div class=&quot;col-md-12 text-center&quot;&gt;&lt;img class=&quot;img-circle img-responsive&quot; src=&quot;https://i.imgur.com/tIDf5Oq.png&quot; style=&quot;display: inline-block; width: 256px; height: 256px; margin-top: 10%&quot;&gt;\n&lt;div style=&quot;margin-top: 80px&quot;&gt;\n&lt;div class=&quot;form-group&quot;&gt;&lt;button class=&quot;btn btn-lg btn-primary btn-view&quot; style=&quot;margin-top:20px; width:350px&quot;&gt;&lt;i aria-hidden=&quot;true&quot; class=&quot;fa fa-facebook-official fa-2x&quot;&gt;&lt;span style=&quot;display:none&quot;&gt;asd&lt;/span&gt;&lt;/i&gt;&amp;nbsp; &amp;nbsp;&lt;span style=&quot;font-size:18px;&quot;&gt;Continue With Facebook&lt;/span&gt;&lt;/button&gt;&lt;button class=&quot;btn btn-lg btn-danger  btn-view&quot; style=&quot;margin-top:20px; width:350px&quot;&gt;&lt;i aria-hidden=&quot;true&quot; class=&quot;fa fa-google fa-2x&quot;&gt;&lt;span style=&quot;display:none&quot;&gt;asd&lt;/span&gt;&lt;/i&gt;&amp;nbsp; &amp;nbsp;&lt;span style=&quot;font-size:18px;&quot;&gt;Continue With Google&lt;/span&gt;&lt;/button&gt;&lt;button class=&quot;btn btn-lg btn-warning  btn-view&quot; style=&quot;margin-top:20px; width:350px&quot;&gt;&lt;i aria-hidden=&quot;true&quot; class=&quot;fa fa-mobile fa-2x&quot;&gt;&lt;span style=&quot;display:none&quot;&gt;asd&lt;/span&gt;&lt;/i&gt;&amp;nbsp; &amp;nbsp;&lt;span style=&quot;font-size:18px;&quot;&gt;Continue With Your Phone&lt;/span&gt;&lt;/button&gt;&lt;/div&gt;\n\n&lt;p style=&quot;margin-top: 80px;&quot;&gt;&lt;span style=&quot;color:#ffffff;&quot;&gt;Copyright &copy; LandGrind 2017. All rights reserved.&lt;/span&gt;&lt;/p&gt;\n&lt;/div&gt;\n&lt;/div&gt;\n&lt;/div&gt;\n&lt;/section&gt;&lt;/div&gt;\n            &lt;div class=&quot;col-sm-3&quot; data-type=&quot;container-content&quot;&gt;\n            &lt;/div&gt;\n        &lt;/div&gt;\n    &lt;/div&gt;&lt;/section&gt;&lt;section&gt;&lt;div class=&quot;container-full&quot;&gt;\n        &lt;div data-type=&quot;container-content&quot; class=&quot;&quot;&gt;&lt;section data-type=&quot;component-ckeditor-multieditors&quot;&gt;&lt;p&gt;&lt;span style=&quot;visibility: hidden; font-size: 0%&quot;&gt;Don''t delete this line!&lt;/span&gt; &lt;!-- \n    ////////////////////////////////\n                JQUERY:\n    ////////////////////////////////\n        1. INLINE:\n        &lt;script type=&quot;text/javascript&quot;&gt;\n            document.addEventListener(''DOMContentLoaded'',function(){\n                // Your JS Code HERE\n            })\n        &lt;/script&gt;    \n        \n        2. SRC:\n        &lt;script type=&quot;text/javascript&quot; defer src=&quot;PATH TO YOUR LINK&quot;&gt;&lt;/script&gt;\n    \n    \n    ////////////////////////////////\n                  CSS: \n    ////////////////////////////////                \n        1. INLINE:\n        &lt;style&gt;\n            // Your CSS Code HERE\n        &lt;/style&gt;\n\n        2. SRC:\n        &lt;link rel=&quot;stylesheet&quot; type=&quot;text/css&quot; href=&quot;PATH TO YOUR LINK&quot; &gt;\n--&gt;&lt;/p&gt;\n&lt;style type=&quot;text/css&quot;&gt;/* Shared */\n  body{\n    background: #0f193b !important;\n  }\n.loginBtn {\n  box-sizing: border-box;\n  position: relative;\n  /* width: 13em;  - apply for fixed size */\n  margin: 0.2em;\n  padding: 0 15px 0 46px;\n  border: none;\n  text-align: left;\n  line-height: 34px;\n  white-space: nowrap;\n  border-radius: 0.2em;\n  font-size: 16px;\n  color: #FFF;\n  width: 250px;\n}\n.loginBtn:before {\n  content: &quot;&quot;;\n  box-sizing: border-box;\n  position: absolute;\n  top: 0;\n  left: 0;\n  width: 34px;\n  height: 100%;\n}\n.loginBtn:focus {\n  outline: none;\n}\n.loginBtn:active {\n  box-shadow: inset 0 0 0 32px rgba(0,0,0,0.1);\n}\n\n\n/* Facebook */\n.loginBtn--facebook {\n  background-color: #4C69BA;\n  background-image: linear-gradient(#4C69BA, #3B55A0);\n  /*font-family: &quot;Helvetica neue&quot;, Helvetica Neue, Helvetica, Arial, sans-serif;*/\n  text-shadow: 0 -1px 0 #354C8C;\n}\n.loginBtn--facebook:before {\n  border-right: #364e92 1px solid;\n  background: url(''https://s3-us-west-2.amazonaws.com/s.cdpn.io/14082/icon_facebook.png'') 6px 6px no-repeat;\n}\n.loginBtn--facebook:hover,\n.loginBtn--facebook:focus {\n  background-color: #5B7BD5;\n  background-image: linear-gradient(#5B7BD5, #4864B1);\n}\n\n\n/* Google */\n.loginBtn--google {\n  /*font-family: &quot;Roboto&quot;, Roboto, arial, sans-serif;*/\n  background: #DD4B39;\n}\n.loginBtn--google:before {\n  border-right: #BB3F30 1px solid;\n  background: url(''https://s3-us-west-2.amazonaws.com/s.cdpn.io/14082/icon_google.png'') 6px 6px no-repeat;\n}\n.loginBtn--google:hover,\n.loginBtn--google:focus {\n  background: #E74B37;\n}\n&lt;/style&gt;\n&lt;/section&gt;&lt;section data-type=&quot;component-ckeditor&quot;&gt;&lt;p&gt;\n&lt;style type=&quot;text/css&quot;&gt;.btn-view{\n    width: 350px;\n    margin-top: 20px;\n  }\n&lt;/style&gt;\n&lt;/p&gt;\n&lt;/section&gt;&lt;/div&gt;\n    &lt;/div&gt;&lt;/section&gt;&lt;section&gt;&lt;div class=&quot;container-full&quot;&gt;\n        &lt;div data-type=&quot;container-content&quot; class=&quot;&quot;&gt;&lt;section data-type=&quot;component-ckeditor-multieditors&quot;&gt;&lt;p&gt;&lt;span style=&quot;visibility: hidden;font-size: 0%;&quot;&gt;Don''t delete this line!&lt;/span&gt; &lt;!-- \n    ////////////////////////////////\n                JQUERY:\n    ////////////////////////////////\n        1. INLINE:\n        &lt;script type=&quot;text/javascript&quot;&gt;\n            document.addEventListener(''DOMContentLoaded'',function(){\n                // Your JS Code HERE\n            })\n        &lt;/script&gt;    \n        \n        2. SRC:\n        &lt;script type=&quot;text/javascript&quot; defer src=&quot;PATH TO YOUR LINK&quot;&gt;&lt;/script&gt;\n    \n    \n    ////////////////////////////////\n                  CSS: \n    ////////////////////////////////                \n        1. INLINE:\n        &lt;style&gt;\n            // Your CSS Code HERE\n        &lt;/style&gt;\n\n        2. SRC:\n        &lt;link rel=&quot;stylesheet&quot; type=&quot;text/css&quot; href=&quot;PATH TO YOUR LINK&quot; &gt;\n--&gt;&lt;/p&gt;\n&lt;script type=&quot;text/javascript&quot;&gt;\n  document.addEventListener(''DOMContentLoaded'',function(){\n    // Your JS Code HERE\n    $(&quot;.btn-view&quot;).click(\n    	function (e){\n          window.location.replace(&quot;/proto/landgrind/verify&quot;);\n        }\n    )\n  })\n&lt;/script&gt;&lt;/section&gt;&lt;/div&gt;\n    &lt;/div&gt;&lt;/section&gt;', 1, 1, 0, 0, 1, 2),
(7, 41, 'Verify', 'Verify Page', '&lt;section&gt;&lt;div class=&quot;container&quot;&gt;\n        &lt;div class=&quot;row&quot;&gt;\n            &lt;div class=&quot;col-sm-3&quot; data-type=&quot;container-content&quot;&gt;\n            &lt;/div&gt;\n            &lt;div class=&quot;col-sm-6&quot; data-type=&quot;container-content&quot;&gt;\n            &lt;section data-type=&quot;component-ckeditor&quot;&gt;&lt;div class=&quot;row&quot;&gt;\n&lt;div class=&quot;col-md-12 text-center&quot;&gt;&lt;img class=&quot;img-circle img-responsive&quot; src=&quot;https://i.imgur.com/tIDf5Oq.png&quot; style=&quot;display: inline-block; width: 256px; height: 256px; margin-top: 10%&quot;&gt;\n&lt;div style=&quot;margin-top: 80px&quot;&gt;\n&lt;div&gt;\n&lt;p style=&quot;text-align: left;&quot;&gt;&lt;span style=&quot;color:#ffffff;&quot;&gt;Your Phone Number: &amp;nbsp;&lt;span class=&quot;pull-right&quot; style=&quot;font-size:16px;&quot;&gt;&lt;big&gt;&lt;u&gt;&lt;strong&gt;VN (+84) 868 051 858&lt;/strong&gt;&lt;/u&gt;&lt;/big&gt;&lt;/span&gt;&lt;/span&gt;&lt;/p&gt;\n&lt;/div&gt;\n\n&lt;p style=&quot;text-align: left;&quot;&gt;&lt;span style=&quot;color:#ffffff;&quot;&gt;&lt;label for=&quot;usr&quot;&gt;Verify Code:&lt;/label&gt;&lt;/span&gt;&lt;/p&gt;\n\n&lt;div class=&quot;form-group&quot;&gt;&lt;input class=&quot;form-control&quot; id=&quot;usr&quot; type=&quot;text&quot; value=&quot;ABC123&quot;&gt;&lt;/div&gt;\n\n&lt;p class=&quot;form-group&quot; style=&quot;text-align: right;&quot;&gt;&lt;span style=&quot;color:#ffffff;&quot;&gt;&lt;u&gt;&lt;strong&gt;Resend Code&lt;/strong&gt;&lt;/u&gt;&lt;/span&gt;&lt;/p&gt;\n\n&lt;p class=&quot;form-group&quot;&gt;&lt;button class=&quot;form-control btn btn-success btn-lg&quot; id=&quot;verify&quot; type=&quot;button&quot;&gt;Verify&lt;/button&gt;&lt;/p&gt;\n&lt;/div&gt;\n&lt;/div&gt;\n&lt;/div&gt;\n&lt;/section&gt;&lt;/div&gt;\n            &lt;div class=&quot;col-sm-3&quot; data-type=&quot;container-content&quot;&gt;\n            &lt;/div&gt;\n        &lt;/div&gt;\n    &lt;/div&gt;&lt;/section&gt;&lt;section&gt;&lt;div class=&quot;container-full&quot;&gt;\n        &lt;div data-type=&quot;container-content&quot; class=&quot;&quot;&gt;&lt;section data-type=&quot;component-ckeditor-multieditors&quot;&gt;&lt;p&gt;&lt;span style=&quot;visibility: hidden; font-size: 0%&quot;&gt;Don''t delete this line!&lt;/span&gt; &lt;!-- \n    ////////////////////////////////\n                JQUERY:\n    ////////////////////////////////\n        1. INLINE:\n        &lt;script type=&quot;text/javascript&quot;&gt;\n            document.addEventListener(''DOMContentLoaded'',function(){\n                // Your JS Code HERE\n            })\n        &lt;/script&gt;    \n        \n        2. SRC:\n        &lt;script type=&quot;text/javascript&quot; defer src=&quot;PATH TO YOUR LINK&quot;&gt;&lt;/script&gt;\n    \n    \n    ////////////////////////////////\n                  CSS: \n    ////////////////////////////////                \n        1. INLINE:\n        &lt;style&gt;\n            // Your CSS Code HERE\n        &lt;/style&gt;\n\n        2. SRC:\n        &lt;link rel=&quot;stylesheet&quot; type=&quot;text/css&quot; href=&quot;PATH TO YOUR LINK&quot; &gt;\n--&gt;&lt;/p&gt;\n&lt;style type=&quot;text/css&quot;&gt;body{\n    background: #0f193b !important;\n  }\n&lt;/style&gt;\n&lt;/section&gt;&lt;/div&gt;\n    &lt;/div&gt;&lt;/section&gt;&lt;section&gt;&lt;div class=&quot;container-full&quot;&gt;\n        &lt;div data-type=&quot;container-content&quot; class=&quot;&quot;&gt;&lt;section data-type=&quot;component-ckeditor-multieditors&quot;&gt;&lt;p&gt;&lt;span style=&quot;visibility: hidden; font-size: 0%&quot;&gt;Don''t delete this line!&lt;/span&gt; &lt;!-- \n    ////////////////////////////////\n                JQUERY:\n    ////////////////////////////////\n        1. INLINE:\n        &lt;script type=&quot;text/javascript&quot;&gt;\n            document.addEventListener(''DOMContentLoaded'',function(){\n                // Your JS Code HERE\n            })\n        &lt;/script&gt;    \n        \n        2. SRC:\n        &lt;script type=&quot;text/javascript&quot; defer src=&quot;PATH TO YOUR LINK&quot;&gt;&lt;/script&gt;\n    \n    \n    ////////////////////////////////\n                  CSS: \n    ////////////////////////////////                \n        1. INLINE:\n        &lt;style&gt;\n            // Your CSS Code HERE\n        &lt;/style&gt;\n\n        2. SRC:\n        &lt;link rel=&quot;stylesheet&quot; type=&quot;text/css&quot; href=&quot;PATH TO YOUR LINK&quot; &gt;\n--&gt;&lt;/p&gt;\n&lt;script type=&quot;text/javascript&quot;&gt;\n            document.addEventListener(''DOMContentLoaded'',function(){\n                // Your JS Code HERE\n                $(&quot;#verify&quot;).click(\n                  function(){\n                   window.location.replace(&quot;/proto/landgrind/mainpage&quot;);\n                  }\n                )\n            })\n        &lt;/script&gt;&lt;/section&gt;&lt;/div&gt;\n    &lt;/div&gt;&lt;/section&gt;', 1, 1, 0, 0, 1, 2),
(8, 42, 'Main Page', 'My Main Page', '&lt;section&gt;&lt;div class=&quot;container-full&quot;&gt;\n        &lt;div data-type=&quot;container-content&quot; class=&quot;&quot;&gt;&lt;section data-type=&quot;component-ckeditor&quot;&gt;&lt;div class=&quot;sidebar-overlay&quot;&gt;&amp;nbsp;&lt;/div&gt;\n\n&lt;aside class=&quot;sidebar sidebar-stacked sidebar-colored&quot; id=&quot;sidebar&quot; role=&quot;navigation&quot;&gt;&lt;!-- Sidebar header --&gt;\n&lt;div class=&quot;sidebar-header&quot; style=&quot;&quot;&gt;&lt;!-- Top bar --&gt;\n&lt;div class=&quot;top-bar&quot;&gt;&amp;nbsp;&lt;/div&gt;\n&lt;!-- Sidebar toggle button --&gt;&lt;button class=&quot;sidebar-toggle&quot; style=&quot;display: initial;&quot; type=&quot;button&quot;&gt;&lt;span class=&quot;glyphicon glyphicon-remove-sign&quot;&gt;&lt;span style=&quot;width:0px;display: none;&quot;&gt;&amp;nbsp;&lt;/span&gt;&lt;/span&gt;&lt;/button&gt;&lt;!-- Sidebar brand image --&gt;\n\n&lt;div class=&quot;sidebar-image&quot;&gt;&lt;img src=&quot;https://s3-us-west-2.amazonaws.com/s.cdpn.io/53474/atom_profile_01.jpg&quot;&gt;&lt;/div&gt;\n&lt;!-- Sidebar brand name --&gt;&lt;a class=&quot;sidebar-brand&quot; data-toggle=&quot;dropdown&quot; href=&quot;#settings-dropdown&quot;&gt;john.doe@gmail.com &lt;/a&gt;&lt;/div&gt;\n&lt;!-- Sidebar navigation --&gt;\n\n&lt;ul class=&quot;nav sidebar-nav&quot;&gt;\n	&lt;li class=&quot;dropdown&quot;&gt;\n	&lt;ul class=&quot;dropdown-menu&quot; id=&quot;settings-dropdown&quot;&gt;\n		&lt;li&gt;&lt;a href=&quot;#&quot; tabindex=&quot;-1&quot;&gt;Profile &lt;/a&gt;&lt;/li&gt;\n		&lt;li&gt;&lt;a href=&quot;#&quot; tabindex=&quot;-1&quot;&gt;Settings &lt;/a&gt;&lt;/li&gt;\n		&lt;li&gt;&lt;a href=&quot;#&quot; tabindex=&quot;-1&quot;&gt;Help &lt;/a&gt;&lt;/li&gt;\n		&lt;li&gt;&lt;a href=&quot;#&quot; tabindex=&quot;-1&quot;&gt;Exit &lt;/a&gt;&lt;/li&gt;\n	&lt;/ul&gt;\n	&lt;/li&gt;\n	&lt;li&gt;&lt;a href=&quot;#&quot;&gt;Inbox &lt;/a&gt;&lt;/li&gt;\n	&lt;li&gt;&lt;a href=&quot;#&quot;&gt;Starred &lt;/a&gt;&lt;/li&gt;\n	&lt;li&gt;&lt;a href=&quot;#&quot;&gt;Sent Mail &lt;/a&gt;&lt;/li&gt;\n	&lt;li&gt;&lt;a href=&quot;#&quot;&gt;Drafts &lt;/a&gt;&lt;/li&gt;\n	&lt;li class=&quot;divider&quot;&gt;&amp;nbsp;&lt;/li&gt;\n	&lt;li class=&quot;dropdown&quot;&gt;&lt;a class=&quot;ripple-effect dropdown-toggle&quot; data-toggle=&quot;dropdown&quot; href=&quot;#&quot;&gt;All Mail &lt;/a&gt;\n	&lt;ul class=&quot;dropdown-menu&quot;&gt;\n		&lt;li&gt;&lt;a href=&quot;#&quot; tabindex=&quot;-1&quot;&gt;Social &lt;span class=&quot;sidebar-badge&quot;&gt;12&lt;/span&gt; &lt;/a&gt;&lt;/li&gt;\n		&lt;li&gt;&lt;a href=&quot;#&quot; tabindex=&quot;-1&quot;&gt;Promo &lt;span class=&quot;sidebar-badge&quot;&gt;0&lt;/span&gt; &lt;/a&gt;&lt;/li&gt;\n	&lt;/ul&gt;\n	&lt;/li&gt;\n	&lt;li&gt;&lt;a href=&quot;#&quot;&gt;Trash &lt;span class=&quot;sidebar-badge&quot;&gt;3&lt;/span&gt; &lt;/a&gt;&lt;/li&gt;\n	&lt;li&gt;&lt;a href=&quot;#&quot;&gt;Spam &lt;span class=&quot;sidebar-badge&quot;&gt;456&lt;/span&gt; &lt;/a&gt;&lt;/li&gt;\n	&lt;li&gt;&lt;a href=&quot;#&quot;&gt;Follow Up &lt;span class=&quot;sidebar-badge badge-circle&quot;&gt;i&lt;/span&gt; &lt;/a&gt;&lt;/li&gt;\n&lt;/ul&gt;\n&lt;!-- Sidebar divider --&gt;&lt;!-- &lt;div class=&quot;sidebar-divider&quot;&gt;&lt;/div&gt; --&gt;&lt;!-- Sidebar text --&gt;&lt;!--  &lt;div class=&quot;sidebar-text&quot;&gt;Text&lt;/div&gt; --&gt;&lt;/aside&gt;\n&lt;/section&gt;&lt;/div&gt;\n    &lt;/div&gt;&lt;/section&gt;&lt;section&gt;&lt;div class=&quot;container-full&quot;&gt;\n        &lt;div data-type=&quot;container-content&quot; class=&quot;&quot;&gt;&lt;section data-type=&quot;component-ckeditor&quot;&gt;&lt;nav class=&quot;navbar navbar-default navbar-fixed-bottom&quot;&gt;\n&lt;div class=&quot;container-fluid&quot;&gt;\n&lt;ul class=&quot;nav navbar-nav&quot;&gt;\n	&lt;li&gt;&lt;a class=&quot;sidebar-toggle&quot;&gt;&lt;span class=&quot;glyphicon glyphicon-menu-hamburger&quot;&gt;&lt;span style=&quot;display:none;&quot;&gt;asd&lt;/span&gt;&lt;/span&gt;&lt;/a&gt;&lt;/li&gt;\n&lt;/ul&gt;\n&lt;/div&gt;\n&lt;/nav&gt;\n&lt;/section&gt;&lt;/div&gt;\n    &lt;/div&gt;&lt;/section&gt;&lt;section&gt;&lt;div class=&quot;container&quot;&gt;\n        &lt;div class=&quot;row&quot;&gt;\n            &lt;div class=&quot;col-sm-3&quot; data-type=&quot;container-content&quot;&gt;\n            &lt;/div&gt;\n            &lt;div class=&quot;col-sm-6&quot; data-type=&quot;container-content&quot;&gt;\n            &lt;section data-type=&quot;component-ckeditor&quot;&gt;&lt;div class=&quot;row&quot;&gt;\n&lt;div class=&quot;col-md-12 text-center&quot;&gt;&lt;img class=&quot;img-circle img-responsive&quot; src=&quot;https://i.imgur.com/tIDf5Oq.png&quot; style=&quot;display: inline-block; width: 256px; height: 256px; margin-top: 10%&quot;&gt;\n&lt;div style=&quot;margin-top: 80px&quot;&gt;\n&lt;form&gt;\n&lt;div class=&quot;input-group&quot;&gt;&lt;input class=&quot;form-control&quot; placeholder=&quot;Search&quot; style=&quot;\n    height: 46px;\n&quot; type=&quot;text&quot;&gt;\n&lt;div class=&quot;input-group-btn&quot;&gt;&lt;button class=&quot;btn btn-default btn-lg&quot; type=&quot;button&quot;&gt;&lt;i class=&quot;glyphicon glyphicon-phone-alt&quot;&gt;&lt;span style=&quot;display:none&quot;&gt;&amp;nbsp;&lt;/span&gt;&lt;/i&gt;&lt;/button&gt;&lt;/div&gt;\n&lt;/div&gt;\n&lt;/form&gt;\n&lt;/div&gt;\n&lt;/div&gt;\n&lt;/div&gt;\n&lt;/section&gt;&lt;/div&gt;\n            &lt;div class=&quot;col-sm-3&quot; data-type=&quot;container-content&quot;&gt;\n            &lt;/div&gt;\n        &lt;/div&gt;\n    &lt;/div&gt;&lt;/section&gt;&lt;section&gt;&lt;div class=&quot;container-full&quot;&gt;\n        &lt;div data-type=&quot;container-content&quot; class=&quot;&quot;&gt;&lt;section data-type=&quot;component-ckeditor-multieditors&quot;&gt;&lt;p&gt;&lt;span style=&quot;visibility: hidden; font-size: 0%&quot;&gt;Don''t delete this line!&lt;/span&gt; &lt;!-- \n    ////////////////////////////////\n                JQUERY:\n    ////////////////////////////////\n        1. INLINE:\n        &lt;script type=&quot;text/javascript&quot;&gt;\n            document.addEventListener(''DOMContentLoaded'',function(){\n                // Your JS Code HERE\n            })\n        &lt;/script&gt;    \n        \n        2. SRC:\n        &lt;script type=&quot;text/javascript&quot; defer src=&quot;PATH TO YOUR LINK&quot;&gt;&lt;/script&gt;\n    \n    \n    ////////////////////////////////\n                  CSS: \n    ////////////////////////////////                \n        1. INLINE:\n        &lt;style&gt;\n            // Your CSS Code HERE\n        &lt;/style&gt;\n\n        2. SRC:\n        &lt;link rel=&quot;stylesheet&quot; type=&quot;text/css&quot; href=&quot;PATH TO YOUR LINK&quot; &gt;\n--&gt;&lt;/p&gt;\n&lt;style type=&quot;text/css&quot;&gt;/* -- import Roboto Font ---------------------------- */\n@import &quot;https://fonts.googleapis.com/css?family=Roboto:400,100,100italic,300,300italic,400italic,500,500italic,700,700italic,900,900italic&amp;subset=latin,cyrillic&quot;;\n/* -- import Material Icons Font -------------------- */\n@font-face {\n  font-family: ''Material Design Iconic Font'';\n  src: url(''https://s3-us-west-2.amazonaws.com/s.cdpn.io/53474/Material-Design-Iconic-Font.eot?v=1.0'');\n  src: url(''https://s3-us-west-2.amazonaws.com/s.cdpn.io/53474/Material-Design-Iconic-Font.eot?#iefix&amp;v=1.0'') format(''embedded-opentype''), url(''https://s3-us-west-2.amazonaws.com/s.cdpn.io/53474/Material-Design-Iconic-Font.woff?v=1.0'') format(''woff''), url(''https://s3-us-west-2.amazonaws.com/s.cdpn.io/53474/Material-Design-Iconic-Font.ttf?v=1.0'') format(''truetype''), url(''https://s3-us-west-2.amazonaws.com/s.cdpn.io/53474/Material-Design-Iconic-Font.svg?v=1.0#Material-Design-Iconic-Font'') format(''svg'');\n  font-weight: normal;\n  font-style: normal;\n}\n[class^=&quot;md-&quot;],\n[class*=&quot; md-&quot;] {\n  display: inline-block;\n  font: normal normal normal 14px/1 ''Material Design Iconic Font'';\n  font-size: inherit;\n  speak: none;\n  text-rendering: auto;\n  -webkit-font-smoothing: antialiased;\n  -moz-osx-font-smoothing: grayscale;\n}\n.md {\n  line-height: inherit;\n  vertical-align: bottom;\n}\n.md-inbox:before {\n  content: &quot;f10c&quot;;\n}\n.md-star:before {\n  content: &quot;f2e5&quot;;\n}\n.md-send:before {\n  content: &quot;f119&quot;;\n}\n.md-drafts:before {\n  content: &quot;f107&quot;;\n}\n.md-arrow-back:before {\n  content: &quot;f297&quot;;\n}\n.md-arrow-forward:before {\n  content: &quot;f298&quot;;\n}\n/* -- You can use this sidebar in Bootstrap (v3) projects. HTML-markup like Navbar bootstrap component will make your work easier. -- */\n/* -- Box model ------------------------------- */\n*,\n*:after,\n*:before {\n  -webkit-box-sizing: border-box;\n  -moz-box-sizing: border-box;\n  box-sizing: border-box;\n}\n/* -- Demo style ------------------------------- */\n\n.sidebar-overlay {\n  visibility: hidden;\n  position: fixed;\n  top: 0;\n  left: 0;\n  right: 0;\n  bottom: 0;\n  opacity: 0;\n  background: #000;\n  z-index: 1034;\n  -webkit-transition: visibility 0 linear 0.4s, opacity 0.4s cubic-bezier(0.4, 0, 0.2, 1);\n  -moz-transition: visibility 0 linear 0.4s, opacity 0.4s cubic-bezier(0.4, 0, 0.2, 1);\n  transition: visibility 0 linear 0.4s, opacity 0.4s cubic-bezier(0.4, 0, 0.2, 1);\n  -webkit-transform: translateZ(0);\n  -moz-transform: translateZ(0);\n  -ms-transform: translateZ(0);\n  -o-transform: translateZ(0);\n  transform: translateZ(0);\n}\n.sidebar-overlay.active {\n  opacity: 0.5;\n  visibility: visible;\n  -webkit-transition-delay: 0;\n  -moz-transition-delay: 0;\n  transition-delay: 0;\n}\n.top-bar {\n  height: 25px;\n  background: rgba(0, 0, 0, 0.1);\n}\n/* -- Google typography ------------------------------- */\n.headline {\n  font-size: 24px;\n  font-weight: 300;\n  line-height: 1.1;\n  color: #212121;\n  text-transform: inherit;\n  letter-spacing: inherit;\n}\n.subhead {\n  font-size: 16px;\n  font-weight: 300;\n  line-height: 1.1;\n  color: #212121;\n  text-transform: inherit;\n  letter-spacing: inherit;\n}\n/* -- Bootstrap-like style ------------------------------- */\n.caret {\n  display: inline-block;\n  width: 0;\n  height: 0;\n  margin-left: 2px;\n  vertical-align: middle;\n  border-top: 4px solid;\n  border-right: 4px solid transparent;\n  border-left: 4px solid transparent;\n}\n.dropdown-menu {\n  display: none;\n}\n/* -- Constructor style ------------------------------- */\n.constructor {\n  position: relative;\n  margin: 0;\n  padding: 0 50px;\n  -webkit-transition: all 0.5s cubic-bezier(0.55, 0, 0.1, 1);\n  -o-transition: all 0.5s cubic-bezier(0.55, 0, 0.1, 1);\n  transition: all 0.5s cubic-bezier(0.55, 0, 0.1, 1);\n}\n.sidebar,\n.wrapper {\n  display: table-cell;\n  vertical-align: top;\n}\n.sidebar-stacked.open + .wrapper .constructor {\n  margin-left: 280px;\n}\n@media (max-width: 768px) {\n  .sidebar-stacked.open + .wrapper .constructor {\n    margin-left: 240px;\n  }\n}\n/* -- Sidebar style ------------------------------- */\n.sidebar {\n  position: relative;\n  display: block;\n  min-height: 100%;\n  overflow-y: auto;\n  overflow-x: hidden;\n  border: none;\n  -webkit-transition: all 0.5s cubic-bezier(0.55, 0, 0.1, 1);\n  -o-transition: all 0.5s cubic-bezier(0.55, 0, 0.1, 1);\n  transition: all 0.5s cubic-bezier(0.55, 0, 0.1, 1);\n}\n.sidebar:before,\n.sidebar:after {\n  content: &quot; &quot;;\n  display: table;\n}\n.sidebar:after {\n  clear: both;\n}\n.sidebar::-webkit-scrollbar-track {\n  border-radius: 2px;\n}\n.sidebar::-webkit-scrollbar {\n  width: 5px;\n  background-color: #F7F7F7;\n}\n.sidebar::-webkit-scrollbar-thumb {\n  border-radius: 10px;\n  -webkit-box-shadow: inset 0 0 6px rgba(0, 0, 0, 0.3);\n  background-color: #BFBFBF;\n}\n.sidebar .sidebar-header {\n  position: relative;\n  height: 157.5px;\n  margin-bottom: 8px;\n  -webkit-transition: all 0.2s ease-in-out;\n  -o-transition: all 0.2s ease-in-out;\n  transition: all 0.2s ease-in-out;\n}\n.sidebar .sidebar-header.header-cover {\n  background-repeat: no-repeat;\n  background-position: center center;\n  -webkit-background-size: cover;\n  -moz-background-size: cover;\n  -o-background-size: cover;\n  background-size: cover;\n}\n.sidebar .sidebar-header:hover .sidebar-toggle {\n  opacity: 1;\n}\n.sidebar .sidebar-toggle {\n  position: relative;\n  float: right;\n  margin: 16px;\n  padding: 0;\n  background-image: none;\n  border: none;\n  height: 40px;\n  width: 40px;\n  font-size: 20px;\n  opacity: 0.7;\n  -webkit-transition: all 0.2s ease-in-out;\n  -o-transition: all 0.2s ease-in-out;\n  transition: all 0.2s ease-in-out;\n}\n.sidebar .sidebar-toggle:before,\n.sidebar .sidebar-toggle:after {\n  content: &quot; &quot;;\n  display: table;\n}\n.sidebar .sidebar-toggle:after {\n  clear: both;\n}\n.sidebar .icon-material-sidebar-arrow:before {\n  content: &quot;e610&quot;;\n}\n.sidebar .sidebar-image img {\n  width: 54px;\n  height: 54px;\n  margin: 16px;\n  border-radius: 50%;\n  -webkit-transition: all 0.2s ease-in-out;\n  -o-transition: all 0.2s ease-in-out;\n  transition: all 0.2s ease-in-out;\n}\n.sidebar .sidebar-brand {\n  position: absolute;\n  bottom: 0;\n  left: 0;\n  right: 0;\n  display: block;\n  height: 48px;\n  line-height: 48px;\n  padding: 0;\n  padding-left: 16px;\n  padding-right: 56px;\n  text-decoration: none;\n  clear: both;\n  font-weight: 500;\n  overflow: hidden;\n  -o-text-overflow: ellipsis;\n  text-overflow: ellipsis;\n  white-space: nowrap;\n  -webkit-transition: all 0.2s ease-in-out;\n  -o-transition: all 0.2s ease-in-out;\n  transition: all 0.2s ease-in-out;\n}\n.sidebar .sidebar-brand:hover,\n.sidebar .sidebar-brand:focus {\n  -webkit-box-shadow: none;\n  box-shadow: none;\n  outline: none;\n}\n.sidebar .sidebar-brand .caret {\n  position: absolute;\n  right: 24px;\n  top: 24px;\n}\n.sidebar .sidebar-brand .sidebar-badge {\n  position: absolute;\n  right: 16px;\n  top: 12px;\n}\n.sidebar .sidebar-brand:hover,\n.sidebar .sidebar-brand:focus {\n  text-decoration: none;\n}\n.sidebar .sidebar-badge {\n  display: inline-block;\n  min-width: 24px;\n  height: 24px;\n  line-height: 24px;\n  padding: 0 3px;\n  font-size: 10px;\n  text-align: center;\n  white-space: nowrap;\n  vertical-align: baseline;\n}\n.sidebar .sidebar-badge.badge-circle {\n  border-radius: 50%;\n}\n.sidebar .sidebar-divider,\n.sidebar .sidebar-nav .divider {\n  position: relative;\n  display: block;\n  height: 1px;\n  margin: 8px 0;\n  padding: 0;\n  overflow: hidden;\n}\n.sidebar .sidebar-text {\n  display: block;\n  height: 48px;\n  line-height: 48px;\n  padding: 0;\n  padding-left: 16px;\n  padding-right: 56px;\n  text-decoration: none;\n  clear: both;\n  font-weight: 500;\n  overflow: hidden;\n  -o-text-overflow: ellipsis;\n  text-overflow: ellipsis;\n  white-space: nowrap;\n  -webkit-transition: all 0.2s ease-in-out;\n  -o-transition: all 0.2s ease-in-out;\n  transition: all 0.2s ease-in-out;\n}\n.sidebar .sidebar-text:hover,\n.sidebar .sidebar-text:focus {\n  -webkit-box-shadow: none;\n  box-shadow: none;\n  outline: none;\n}\n.sidebar .sidebar-text .caret {\n  position: absolute;\n  right: 24px;\n  top: 24px;\n}\n.sidebar .sidebar-text .sidebar-badge {\n  position: absolute;\n  right: 16px;\n  top: 12px;\n}\n.sidebar .sidebar-icon {\n  display: inline-block;\n  margin-right: 16px;\n  min-width: 40px;\n  width: 40px;\n  text-align: left;\n  font-size: 20px;\n}\n.sidebar .sidebar-icon:before,\n.sidebar .sidebar-icon:after {\n  vertical-align: middle;\n}\n.sidebar .sidebar-nav {\n  margin: 0;\n  padding: 0;\n}\n.sidebar .sidebar-nav li {\n  position: relative;\n  list-style-type: none;\n}\n.sidebar .sidebar-nav li a {\n  position: relative;\n  cursor: pointer;\n  user-select: none;\n  display: block;\n  height: 48px;\n  line-height: 48px;\n  padding: 0;\n  padding-left: 16px;\n  padding-right: 56px;\n  text-decoration: none;\n  clear: both;\n  font-weight: 500;\n  overflow: hidden;\n  -o-text-overflow: ellipsis;\n  text-overflow: ellipsis;\n  white-space: nowrap;\n  -webkit-transition: all 0.2s ease-in-out;\n  -o-transition: all 0.2s ease-in-out;\n  transition: all 0.2s ease-in-out;\n}\n.sidebar .sidebar-nav li a:hover,\n.sidebar .sidebar-nav li a:focus {\n  -webkit-box-shadow: none;\n  box-shadow: none;\n  outline: none;\n}\n.sidebar .sidebar-nav li a .caret {\n  position: absolute;\n  right: 24px;\n  top: 24px;\n}\n.sidebar .sidebar-nav li a .sidebar-badge {\n  position: absolute;\n  right: 16px;\n  top: 12px;\n}\n.sidebar .sidebar-nav li a:hover {\n  background: transparent;\n}\n.sidebar .sidebar-nav .dropdown-menu {\n  position: relative;\n  width: 100%;\n  margin: 0;\n  padding: 0;\n  border: none;\n  border-radius: 0;\n  -webkit-box-shadow: none;\n  box-shadow: none;\n}\n.sidebar-default {\n  background-color: #fff;\n}\n.sidebar-default .sidebar-header {\n  background-color: #eceff1;\n}\n.sidebar-default .sidebar-toggle {\n  color: #212121;\n  background-color: transparent;\n}\n.sidebar-default .sidebar-brand {\n  color: #757575;\n  background-color: transparent;\n}\n.sidebar-default .sidebar-brand:hover,\n.sidebar-default .sidebar-brand:focus {\n  color: #212121;\n  background-color: rgba(0, 0, 0, 0.1);\n}\n.sidebar-default .sidebar-badge {\n  color: #fff;\n  background-color: #bdbdbd;\n}\n.sidebar-default .sidebar-divider,\n.sidebar-default .sidebar-nav .divider {\n  background-color: #bdbdbd;\n}\n.sidebar-default .sidebar-text {\n  color: #212121;\n}\n.sidebar-default .sidebar-nav li &gt; a {\n  color: #212121;\n  background-color: transparent;\n}\n.sidebar-default .sidebar-nav li &gt; a i {\n  color: #757575;\n}\n.sidebar-default .sidebar-nav li:hover &gt; a,\n.sidebar-default .sidebar-nav li &gt; a:hover {\n  color: #212121;\n  background-color: #e0e0e0;\n}\n.sidebar-default .sidebar-nav li:hover &gt; a i,\n.sidebar-default .sidebar-nav li &gt; a:hover i {\n  color: #757575;\n}\n.sidebar-default .sidebar-nav li:focus &gt; a,\n.sidebar-default .sidebar-nav li &gt; a:focus {\n  color: #212121;\n  background-color: transparent;\n}\n.sidebar-default .sidebar-nav li:focus &gt; a i,\n.sidebar-default .sidebar-nav li &gt; a:focus i {\n  color: #757575;\n}\n.sidebar-default .sidebar-nav &gt; .open &gt; a,\n.sidebar-default .sidebar-nav &gt; .open &gt; a:hover,\n.sidebar-default .sidebar-nav &gt; .open &gt; a:focus {\n  color: #212121;\n  background-color: #e0e0e0;\n}\n.sidebar-default .sidebar-nav &gt; .active &gt; a,\n.sidebar-default .sidebar-nav &gt; .active &gt; a:hover,\n.sidebar-default .sidebar-nav &gt; .active &gt; a:focus {\n  color: #212121;\n  background-color: #e0e0e0;\n}\n.sidebar-default .sidebar-nav &gt; .disabled &gt; a,\n.sidebar-default .sidebar-nav &gt; .disabled &gt; a:hover,\n.sidebar-default .sidebar-nav &gt; .disabled &gt; a:focus {\n  color: #e0e0e0;\n  background-color: transparent;\n}\n.sidebar-default .sidebar-nav &gt; .dropdown &gt; .dropdown-menu {\n  background-color: #e0e0e0;\n}\n.sidebar-default .sidebar-nav &gt; .dropdown &gt; .dropdown-menu &gt; li &gt; a:focus {\n  background-color: #e0e0e0;\n  color: #212121;\n}\n.sidebar-default .sidebar-nav &gt; .dropdown &gt; .dropdown-menu &gt; li &gt; a:hover {\n  background-color: #cecece;\n  color: #212121;\n}\n.sidebar-default .sidebar-nav &gt; .dropdown &gt; .dropdown-menu &gt; .active &gt; a,\n.sidebar-default .sidebar-nav &gt; .dropdown &gt; .dropdown-menu &gt; .active &gt; a:hover,\n.sidebar-default .sidebar-nav &gt; .dropdown &gt; .dropdown-menu &gt; .active &gt; a:focus {\n  color: #212121;\n  background-color: #e0e0e0;\n}\n.sidebar-inverse {\n  background-color: #212121;\n}\n.sidebar-inverse .sidebar-header {\n  background-color: #eceff1;\n}\n.sidebar-inverse .sidebar-toggle {\n  color: #212121;\n  background-color: transparent;\n}\n.sidebar-inverse .sidebar-brand {\n  color: #757575;\n  background-color: transparent;\n}\n.sidebar-inverse .sidebar-brand:hover,\n.sidebar-inverse .sidebar-brand:focus {\n  color: #212121;\n  background-color: rgba(0, 0, 0, 0.1);\n}\n.sidebar-inverse .sidebar-badge {\n  color: #212121;\n  background-color: #e0e0e0;\n}\n.sidebar-inverse .sidebar-divider,\n.sidebar-inverse .sidebar-nav .divider {\n  background-color: #bdbdbd;\n}\n.sidebar-inverse .sidebar-text {\n  color: #f5f5f5;\n}\n.sidebar-inverse .sidebar-nav li &gt; a {\n  color: #f5f5f5;\n  background-color: transparent;\n}\n.sidebar-inverse .sidebar-nav li &gt; a i {\n  color: #bdbdbd;\n}\n.sidebar-inverse .sidebar-nav li:hover &gt; a,\n.sidebar-inverse .sidebar-nav li &gt; a:hover {\n  color: #bdbdbd;\n  background-color: #000;\n}\n.sidebar-inverse .sidebar-nav li:hover &gt; a i,\n.sidebar-inverse .sidebar-nav li &gt; a:hover i {\n  color: #bdbdbd;\n}\n.sidebar-inverse .sidebar-nav li:focus &gt; a,\n.sidebar-inverse .sidebar-nav li &gt; a:focus {\n  color: #f5f5f5;\n  background-color: transparent;\n}\n.sidebar-inverse .sidebar-nav li:focus &gt; a i,\n.sidebar-inverse .sidebar-nav li &gt; a:focus i {\n  color: #bdbdbd;\n}\n.sidebar-inverse .sidebar-nav &gt; .open &gt; a,\n.sidebar-inverse .sidebar-nav &gt; .open &gt; a:hover,\n.sidebar-inverse .sidebar-nav &gt; .open &gt; a:focus {\n  color: #bdbdbd;\n  background-color: #000;\n}\n.sidebar-inverse .sidebar-nav &gt; .active &gt; a,\n.sidebar-inverse .sidebar-nav &gt; .active &gt; a:hover,\n.sidebar-inverse .sidebar-nav &gt; .active &gt; a:focus {\n  color: #f5f5f5;\n  background-color: #000;\n}\n.sidebar-inverse .sidebar-nav &gt; .disabled &gt; a,\n.sidebar-inverse .sidebar-nav &gt; .disabled &gt; a:hover,\n.sidebar-inverse .sidebar-nav &gt; .disabled &gt; a:focus {\n  color: #757575;\n  background-color: transparent;\n}\n.sidebar-inverse .sidebar-nav &gt; .dropdown &gt; .dropdown-menu {\n  background-color: #000;\n}\n.sidebar-inverse .sidebar-nav &gt; .dropdown &gt; .dropdown-menu &gt; li &gt; a:focus {\n  background-color: #000;\n  color: #bdbdbd;\n}\n.sidebar-inverse .sidebar-nav &gt; .dropdown &gt; .dropdown-menu &gt; li &gt; a:hover {\n  background-color: #000000;\n  color: #bdbdbd;\n}\n.sidebar-inverse .sidebar-nav &gt; .dropdown &gt; .dropdown-menu &gt; .active &gt; a,\n.sidebar-inverse .sidebar-nav &gt; .dropdown &gt; .dropdown-menu &gt; .active &gt; a:hover,\n.sidebar-inverse .sidebar-nav &gt; .dropdown &gt; .dropdown-menu &gt; .active &gt; a:focus {\n  color: #f5f5f5;\n  background-color: #000;\n}\n.sidebar-colored {\n  background-color: #fff;\n}\n.sidebar-colored .sidebar-header {\n  background-color: #e91e63;\n}\n.sidebar-colored .sidebar-toggle {\n  color: #f5f5f5;\n  background-color: transparent;\n}\n.sidebar-colored .sidebar-brand {\n  color: #e0e0e0;\n  background-color: transparent;\n}\n.sidebar-colored .sidebar-brand:hover,\n.sidebar-colored .sidebar-brand:focus {\n  color: #f5f5f5;\n  background-color: rgba(0, 0, 0, 0.1);\n}\n.sidebar-colored .sidebar-badge {\n  color: #fff;\n  background-color: #ec407a;\n}\n.sidebar-colored .sidebar-divider,\n.sidebar-colored .sidebar-nav .divider {\n  background-color: #bdbdbd;\n}\n.sidebar-colored .sidebar-text {\n  color: #212121;\n}\n.sidebar-colored .sidebar-nav li &gt; a {\n  color: #212121;\n  background-color: transparent;\n}\n.sidebar-colored .sidebar-nav li &gt; a i {\n  color: #757575;\n}\n.sidebar-colored .sidebar-nav li:hover &gt; a,\n.sidebar-colored .sidebar-nav li &gt; a:hover {\n  color: #e91e63;\n  background-color: #e0e0e0;\n}\n.sidebar-colored .sidebar-nav li:hover &gt; a i,\n.sidebar-colored .sidebar-nav li &gt; a:hover i {\n  color: #f06292;\n}\n.sidebar-colored .sidebar-nav li:focus &gt; a,\n.sidebar-colored .sidebar-nav li &gt; a:focus {\n  color: #212121;\n  background-color: transparent;\n}\n.sidebar-colored .sidebar-nav li:focus &gt; a i,\n.sidebar-colored .sidebar-nav li &gt; a:focus i {\n  color: #f06292;\n}\n.sidebar-colored .sidebar-nav &gt; .open &gt; a,\n.sidebar-colored .sidebar-nav &gt; .open &gt; a:hover,\n.sidebar-colored .sidebar-nav &gt; .open &gt; a:focus {\n  color: #e91e63;\n  background-color: #e0e0e0;\n}\n.sidebar-colored .sidebar-nav &gt; .active &gt; a,\n.sidebar-colored .sidebar-nav &gt; .active &gt; a:hover,\n.sidebar-colored .sidebar-nav &gt; .active &gt; a:focus {\n  color: #212121;\n  background-color: #f5f5f5;\n}\n.sidebar-colored .sidebar-nav &gt; .disabled &gt; a,\n.sidebar-colored .sidebar-nav &gt; .disabled &gt; a:hover,\n.sidebar-colored .sidebar-nav &gt; .disabled &gt; a:focus {\n  color: #e0e0e0;\n  background-color: transparent;\n}\n.sidebar-colored .sidebar-nav &gt; .dropdown &gt; .dropdown-menu {\n  background-color: #e0e0e0;\n}\n.sidebar-colored .sidebar-nav &gt; .dropdown &gt; .dropdown-menu &gt; li &gt; a:focus {\n  background-color: #e0e0e0;\n  color: #e91e63;\n}\n.sidebar-colored .sidebar-nav &gt; .dropdown &gt; .dropdown-menu &gt; li &gt; a:hover {\n  background-color: #cecece;\n  color: #e91e63;\n}\n.sidebar-colored .sidebar-nav &gt; .dropdown &gt; .dropdown-menu &gt; .active &gt; a,\n.sidebar-colored .sidebar-nav &gt; .dropdown &gt; .dropdown-menu &gt; .active &gt; a:hover,\n.sidebar-colored .sidebar-nav &gt; .dropdown &gt; .dropdown-menu &gt; .active &gt; a:focus {\n  color: #212121;\n  background-color: #f5f5f5;\n}\n.sidebar-colored-inverse {\n  background-color: #e91e63;\n}\n.sidebar-colored-inverse .sidebar-header {\n  background-color: #eceff1;\n}\n.sidebar-colored-inverse .sidebar-toggle {\n  color: #212121;\n  background-color: transparent;\n}\n.sidebar-colored-inverse .sidebar-brand {\n  color: #757575;\n  background-color: transparent;\n}\n.sidebar-colored-inverse .sidebar-brand:hover,\n.sidebar-colored-inverse .sidebar-brand:focus {\n  color: #212121;\n  background-color: rgba(0, 0, 0, 0.1);\n}\n.sidebar-colored-inverse .sidebar-badge {\n  color: #212121;\n  background-color: #e0e0e0;\n}\n.sidebar-colored-inverse .sidebar-divider,\n.sidebar-colored-inverse .sidebar-nav .divider {\n  background-color: #bdbdbd;\n}\n.sidebar-colored-inverse .sidebar-text {\n  color: #e0e0e0;\n}\n.sidebar-colored-inverse .sidebar-nav li &gt; a {\n  color: #f5f5f5;\n  background-color: transparent;\n}\n.sidebar-colored-inverse .sidebar-nav li &gt; a i {\n  color: #e0e0e0;\n}\n.sidebar-colored-inverse .sidebar-nav li:hover &gt; a,\n.sidebar-colored-inverse .sidebar-nav li &gt; a:hover {\n  color: #f5f5f5;\n  background-color: rgba(0, 0, 0, 0.1);\n}\n.sidebar-colored-inverse .sidebar-nav li:hover &gt; a i,\n.sidebar-colored-inverse .sidebar-nav li &gt; a:hover i {\n  color: #f5f5f5;\n}\n.sidebar-colored-inverse .sidebar-nav li:focus &gt; a,\n.sidebar-colored-inverse .sidebar-nav li &gt; a:focus {\n  color: #f5f5f5;\n  background-color: transparent;\n}\n.sidebar-colored-inverse .sidebar-nav li:focus &gt; a i,\n.sidebar-colored-inverse .sidebar-nav li &gt; a:focus i {\n  color: #f5f5f5;\n}\n.sidebar-colored-inverse .sidebar-nav &gt; .open &gt; a,\n.sidebar-colored-inverse .sidebar-nav &gt; .open &gt; a:hover,\n.sidebar-colored-inverse .sidebar-nav &gt; .open &gt; a:focus {\n  color: #f5f5f5;\n  background-color: rgba(0, 0, 0, 0.1);\n}\n.sidebar-colored-inverse .sidebar-nav &gt; .active &gt; a,\n.sidebar-colored-inverse .sidebar-nav &gt; .active &gt; a:hover,\n.sidebar-colored-inverse .sidebar-nav &gt; .active &gt; a:focus {\n  color: #f5f5f5;\n  background-color: rgba(0, 0, 0, 0.2);\n}\n.sidebar-colored-inverse .sidebar-nav &gt; .disabled &gt; a,\n.sidebar-colored-inverse .sidebar-nav &gt; .disabled &gt; a:hover,\n.sidebar-colored-inverse .sidebar-nav &gt; .disabled &gt; a:focus {\n  color: #bdbdbd;\n  background-color: transparent;\n}\n.sidebar-colored-inverse .sidebar-nav &gt; .dropdown &gt; .dropdown-menu {\n  background-color: rgba(0, 0, 0, 0.1);\n}\n.sidebar-colored-inverse .sidebar-nav &gt; .dropdown &gt; .dropdown-menu &gt; li &gt; a:focus {\n  background-color: rgba(0, 0, 0, 0.1);\n  color: #f5f5f5;\n}\n.sidebar-colored-inverse .sidebar-nav &gt; .dropdown &gt; .dropdown-menu &gt; li &gt; a:hover {\n  background-color: rgba(0, 0, 0, 0.1);\n  color: #f5f5f5;\n}\n.sidebar-colored-inverse .sidebar-nav &gt; .dropdown &gt; .dropdown-menu &gt; .active &gt; a,\n.sidebar-colored-inverse .sidebar-nav &gt; .dropdown &gt; .dropdown-menu &gt; .active &gt; a:hover,\n.sidebar-colored-inverse .sidebar-nav &gt; .dropdown &gt; .dropdown-menu &gt; .active &gt; a:focus {\n  color: #f5f5f5;\n  background-color: rgba(0, 0, 0, 0.2);\n}\n.sidebar {\n  width: 0;\n  -webkit-transform: translate3d(-280px, 0, 0);\n  transform: translate3d(-280px, 0, 0);\n}\n.sidebar.open {\n  min-width: 280px;\n  width: 280px;\n  -webkit-transform: translate3d(0, 0, 0);\n  transform: translate3d(0, 0, 0);\n}\n.sidebar-fixed-left,\n.sidebar-fixed-right,\n.sidebar-stacked {\n  position: fixed;\n  top: 0;\n  bottom: 0;\n  z-index: 1035;\n}\n.sidebar-stacked {\n  left: 0;\n}\n.sidebar-fixed-left {\n  left: 0;\n  box-shadow: 2px 0px 15px rgba(0, 0, 0, 0.35);\n  -webkit-box-shadow: 2px 0px 15px rgba(0, 0, 0, 0.35);\n}\n.sidebar-fixed-right {\n  right: 0;\n  box-shadow: 0px 2px 15px rgba(0, 0, 0, 0.35);\n  -webkit-box-shadow: 0px 2px 15px rgba(0, 0, 0, 0.35);\n  -webkit-transform: translate3d(280px, 0, 0);\n  transform: translate3d(280px, 0, 0);\n}\n.sidebar-fixed-right.open {\n  -webkit-transform: translate3d(0, 0, 0);\n  transform: translate3d(0, 0, 0);\n}\n.sidebar-fixed-right .icon-material-sidebar-arrow:before {\n  content: &quot;e614&quot;;\n}\n@media (max-width: 768px) {\n  .sidebar.open {\n    min-width: 240px;\n    width: 100%;\n  }\n  .sidebar .sidebar-header {\n    height: 135px;\n  }\n  .sidebar .sidebar-image img {\n    width: 44px;\n    height: 44px;\n  }\n}\n  \n  body{\n    background: #0f193b !important;\n  }\n&lt;/style&gt;\n&lt;/section&gt;&lt;/div&gt;\n    &lt;/div&gt;&lt;/section&gt;&lt;section&gt;&lt;div class=&quot;container-full&quot;&gt;\n        &lt;div data-type=&quot;container-content&quot; class=&quot;&quot;&gt;&lt;section data-type=&quot;component-ckeditor-multieditors&quot;&gt;&lt;p&gt;&lt;span style=&quot;visibility: hidden;font-size: 0%;&quot;&gt;Don''t delete this line!&lt;/span&gt; &lt;!-- \n    ////////////////////////////////\n                JQUERY:\n    ////////////////////////////////\n        1. INLINE:\n        &lt;script type=&quot;text/javascript&quot;&gt;\n            document.addEventListener(''DOMContentLoaded'',function(){\n                // Your JS Code HERE\n            })\n        &lt;/script&gt;    \n        \n        2. SRC:\n        &lt;script type=&quot;text/javascript&quot; defer src=&quot;PATH TO YOUR LINK&quot;&gt;&lt;/script&gt;\n    \n    \n    ////////////////////////////////\n                  CSS: \n    ////////////////////////////////                \n        1. INLINE:\n        &lt;style&gt;\n            // Your CSS Code HERE\n        &lt;/style&gt;\n\n        2. SRC:\n        &lt;link rel=&quot;stylesheet&quot; type=&quot;text/css&quot; href=&quot;PATH TO YOUR LINK&quot; &gt;\n--&gt;&lt;/p&gt;\n&lt;script type=&quot;text/javascript&quot;&gt;\n            document.addEventListener(''DOMContentLoaded'',function(){\n                // Your JS Code HERE\n                /**\n * Created by Kupletsky Sergey on 17.10.14.\n *\n * Material Sidebar (Profile menu)\n * Tested on Win8.1 with browsers: Chrome 37, Firefox 32, Opera 25, IE 11, Safari 5.1.7\n * You can use this sidebar in Bootstrap (v3) projects. HTML-markup like Navbar bootstrap component will make your work easier.\n * Dropdown menu and sidebar toggle button works with JQuery and Bootstrap.min.js\n */\n\n// Sidebar toggle\n//\n// -------------------\n$(document).ready(function() {\n    var overlay = $(''.sidebar-overlay'');\n\n    $(''.sidebar-toggle'').on(''click'', function() {\n        var sidebar = $(''#sidebar'');\n        sidebar.toggleClass(''open'');\n        if ((sidebar.hasClass(''sidebar-fixed-left'') || sidebar.hasClass(''sidebar-fixed-right'')) &amp;&amp; sidebar.hasClass(''open'')) {\n            overlay.addClass(''active'');\n        } else {\n            overlay.removeClass(''active'');\n        }\n    });\n\n    overlay.on(''click'', function() {\n        $(this).removeClass(''active'');\n        $(''#sidebar'').removeClass(''open'');\n    });\n\n});\n\n// Sidebar constructor\n//\n// -------------------\n$(document).ready(function() {\n\n    var sidebar = $(''#sidebar'');\n    var sidebarHeader = $(''#sidebar .sidebar-header'');\n    var sidebarImg = sidebarHeader.css(''background-image'');\n    var toggleButtons = $(''.sidebar-toggle'');\n\n    // Hide toggle buttons on default position\n   /* toggleButtons.css(''display'', ''none'');\n    $(''body'').css(''display'', ''table'');*/\n\n\n    // Sidebar position\n    $(''#sidebar-position'').change(function() {\n        var value = $( this ).val();\n        sidebar.removeClass(''sidebar-fixed-left sidebar-fixed-right sidebar-stacked'').addClass(value).addClass(''open'');\n        if (value == ''sidebar-fixed-left'' || value == ''sidebar-fixed-right'') {\n            $(''.sidebar-overlay'').addClass(''active'');\n        }\n        // Show toggle buttons\n        if (value != '''') {\n            toggleButtons.css(''display'', ''initial'');\n            $(''body'').css(''display'', ''initial'');\n        } else {\n            // Hide toggle buttons\n            toggleButtons.css(''display'', ''none'');\n            $(''body'').css(''display'', ''table'');\n        }\n    });\n\n    // Sidebar theme\n    $(''#sidebar-theme'').change(function() {\n        var value = $( this ).val();\n        sidebar.removeClass(''sidebar-default sidebar-inverse sidebar-colored sidebar-colored-inverse'').addClass(value)\n    });\n\n    // Header cover\n    $(''#sidebar-header'').change(function() {\n        var value = $(this).val();\n\n        $(''.sidebar-header'').removeClass(''header-cover'').addClass(value);\n\n        if (value == ''header-cover'') {\n            sidebarHeader.css(''background-image'', sidebarImg)\n        } else {\n            sidebarHeader.css(''background-image'', '''')\n        }\n    });\n});\n\n/**\n * Created by Kupletsky Sergey on 08.09.14.\n *\n * Add JQuery animation to bootstrap dropdown elements.\n */\n\n(function($) {\n    var dropdown = $(''.dropdown'');\n\n    // Add slidedown animation to dropdown\n    dropdown.on(''show.bs.dropdown'', function(e){\n        $(this).find(''.dropdown-menu'').first().stop(true, true).slideDown();\n    });\n\n    // Add slideup animation to dropdown\n    dropdown.on(''hide.bs.dropdown'', function(e){\n        $(this).find(''.dropdown-menu'').first().stop(true, true).slideUp();\n    });\n})(jQuery);\n\n\n\n(function(removeClass) {\n\n	jQuery.fn.removeClass = function( value ) {\n		if ( value &amp;&amp; typeof value.test === &quot;function&quot; ) {\n			for ( var i = 0, l = this.length; i &lt; l; i++ ) {\n				var elem = this[i];\n				if ( elem.nodeType === 1 &amp;&amp; elem.className ) {\n					var classNames = elem.className.split( /s+/ );\n\n					for ( var n = classNames.length; n--; ) {\n						if ( value.test(classNames[n]) ) {\n							classNames.splice(n, 1);\n						}\n					}\n					elem.className = jQuery.trim( classNames.join(&quot; &quot;) );\n				}\n			}\n		} else {\n			removeClass.call(this, value);\n		}\n		return this;\n	}\n\n})(jQuery.fn.removeClass);\n            })\n        &lt;/script&gt;&lt;script type=&quot;text/javascript&quot; defer=&quot;&quot; src=&quot;https://sdk.clarifai.com/js/clarifai-latest.js&quot;&gt;&lt;/script&gt;&lt;/section&gt;&lt;/div&gt;\n    &lt;/div&gt;&lt;/section&gt;', 1, 1, 0, 0, 1, 2);
INSERT INTO `FunctionStage` (`FunctionStageId`, `FunctionId`, `StageName`, `StageDescription`, `Content`, `HideNavigationBar`, `HideFooter`, `NavbarTransparent`, `NavbarConfig`, `LanguageId`, `CreatedBy`) VALUES
(9, 43, 'Main Template', 'Main', '&lt;section&gt;&lt;div class=&quot;container-full&quot;&gt;\n        &lt;div data-type=&quot;container-content&quot; class=&quot;&quot;&gt;&lt;section data-type=&quot;component-ckeditor&quot;&gt;&lt;style type=&quot;text/css&quot;&gt;/* ///////// CLIENT-SPECIFIC STYLES ///////// */ 			#outlook a{padding:0;} /* Force Outlook to provide a &quot;view in browser&quot; message */ 			.ReadMsgBody{width:100%;} .ExternalClass{width:100%;} /* Force Hotmail to display emails at full width */ 			.ExternalClass, .ExternalClass p, .ExternalClass span, .ExternalClass font, .ExternalClass td, .ExternalClass div {line-height: 100%;} /* Force Hotmail to display normal line spacing */ 			body, table, td, p, a, li, blockquote{-webkit-text-size-adjust:100%; -ms-text-size-adjust:100%;} /* Prevent WebKit and Windows mobile changing default text sizes */ 			table, td{mso-table-lspace:0pt; mso-table-rspace:0pt;} /* Remove spacing between tables in Outlook 2007 and up */ 			img{-ms-interpolation-mode:bicubic;} /* Allow smoother rendering of resized image in Internet Explorer */ 			/* ///////// RESET STYLES ///////// */ 			body{margin:0; padding:0;} 			img{border:0; height:auto; line-height:100%; outline:none; text-decoration:none;} 			table{border-collapse:collapse !important;} 			body, #bodyTable, #bodyCell{height:100% !important; margin:0; padding:0; width:100% !important;} 			/* ///////// TEMPLATE STYLES ///////// */ 			/* ========== Page Styles ========== */ 			#bodyCell{padding:20px;} 			#templateContainer{width:600px;} 			/** 			* @tab Page 			* @section background style 			* @tip Set the background color and top border for your email. You may want to choose colors that match your company''s branding. 			* @theme page 			*/ 			body, #bodyTable{ 				/*@editable*/ background-color:#DEE0E2; 			} 			/** 			* @tab Page 			* @section background style 			* @tip Set the background color and top border for your email. You may want to choose colors that match your company''s branding. 			* @theme page 			*/ 			#bodyCell{ 				/*@editable*/ border-top:4px solid #BBBBBB; 			} 			/** 			* @tab Page 			* @section email border 			* @tip Set the border for your email. 			*/ 			#templateContainer{ 				/*@editable*/ border:1px solid #BBBBBB; 			} 			/** 			* @tab Page 			* @section heading 1 			* @tip Set the styling for all first-level headings in your emails. These should be the largest of your headings. 			* @style heading 1 			*/ 			h1{ 				/*@editable*/ color:#202020 !important; 				display:block; 				/*@editable*/ font-family:Helvetica; 				/*@editable*/ font-size:26px; 				/*@editable*/ font-style:normal; 				/*@editable*/ font-weight:bold; 				/*@editable*/ line-height:100%; 				/*@editable*/ letter-spacing:normal; 				margin-top:0; 				margin-right:0; 				margin-bottom:10px; 				margin-left:0; 				/*@editable*/ text-align:left; 			} 			/** 			* @tab Page 			* @section heading 2 			* @tip Set the styling for all second-level headings in your emails. 			* @style heading 2 			*/ 			h2{ 				/*@editable*/ color:#404040 !important; 				display:block; 				/*@editable*/ font-family:Helvetica; 				/*@editable*/ font-size:20px; 				/*@editable*/ font-style:normal; 				/*@editable*/ font-weight:bold; 				/*@editable*/ line-height:100%; 				/*@editable*/ letter-spacing:normal; 				margin-top:0; 				margin-right:0; 				margin-bottom:10px; 				margin-left:0; 				/*@editable*/ text-align:left; 			} 			/** 			* @tab Page 			* @section heading 3 			* @tip Set the styling for all third-level headings in your emails. 			* @style heading 3 			*/ 			h3{ 				/*@editable*/ color:#606060 !important; 				display:block; 				/*@editable*/ font-family:Helvetica; 				/*@editable*/ font-size:16px; 				/*@editable*/ font-style:italic; 				/*@editable*/ font-weight:normal; 				/*@editable*/ line-height:100%; 				/*@editable*/ letter-spacing:normal; 				margin-top:0; 				margin-right:0; 				margin-bottom:10px; 				margin-left:0; 				/*@editable*/ text-align:left; 			} 			/** 			* @tab Page 			* @section heading 4 			* @tip Set the styling for all fourth-level headings in your emails. These should be the smallest of your headings. 			* @style heading 4 			*/ 			h4{ 				/*@editable*/ color:#808080 !important; 				display:block; 				/*@editable*/ font-family:Helvetica; 				/*@editable*/ font-size:14px; 				/*@editable*/ font-style:italic; 				/*@editable*/ font-weight:normal; 				/*@editable*/ line-height:100%; 				/*@editable*/ letter-spacing:normal; 				margin-top:0; 				margin-right:0; 				margin-bottom:10px; 				margin-left:0; 				/*@editable*/ text-align:left; 			} 			/* ========== Header Styles ========== */ 			/** 			* @tab Header 			* @section preheader style 			* @tip Set the background color and bottom border for your email''s preheader area. 			* @theme header 			*/ 			#templatePreheader{ 				/*@editable*/ background-color:#F4F4F4; 				/*@editable*/ border-bottom:1px solid #CCCCCC; 			} 			/** 			* @tab Header 			* @section preheader text 			* @tip Set the styling for your email''s preheader text. Choose a size and color that is easy to read. 			*/ 			.preheaderContent{ 				/*@editable*/ color:#808080; 				/*@editable*/ font-family:Helvetica; 				/*@editable*/ font-size:10px; 				/*@editable*/ line-height:125%; 				/*@editable*/ text-align:left; 			} 			/** 			* @tab Header 			* @section preheader link 			* @tip Set the styling for your email''s preheader links. Choose a color that helps them stand out from your text. 			*/ 			.preheaderContent a:link, .preheaderContent a:visited, /* Yahoo! Mail Override */ .preheaderContent a .yshortcuts /* Yahoo! Mail Override */{ 				/*@editable*/ color:#606060; 				/*@editable*/ font-weight:normal; 				/*@editable*/ text-decoration:underline; 			} 			/** 			* @tab Header 			* @section header style 			* @tip Set the background color and borders for your email''s header area. 			* @theme header 			*/ 			#templateHeader{ 				/*@editable*/ background-color:#F4F4F4; 				/*@editable*/ border-top:1px solid #FFFFFF; 				/*@editable*/ border-bottom:1px solid #CCCCCC; 			} 			/** 			* @tab Header 			* @section header text 			* @tip Set the styling for your email''s header text. Choose a size and color that is easy to read. 			*/ 			.headerContent{ 				/*@editable*/ color:#505050; 				/*@editable*/ font-family:Helvetica; 				/*@editable*/ font-size:20px; 				/*@editable*/ font-weight:bold; 				/*@editable*/ line-height:100%; 				/*@editable*/ padding-top:0; 				/*@editable*/ padding-right:0; 				/*@editable*/ padding-bottom:0; 				/*@editable*/ padding-left:0; 				/*@editable*/ text-align:left; 				/*@editable*/ vertical-align:middle; 			} 			/** 			* @tab Header 			* @section header link 			* @tip Set the styling for your email''s header links. Choose a color that helps them stand out from your text. 			*/ 			.headerContent a:link, .headerContent a:visited, /* Yahoo! Mail Override */ .headerContent a .yshortcuts /* Yahoo! Mail Override */{ 				/*@editable*/ color:#EB4102; 				/*@editable*/ font-weight:normal; 				/*@editable*/ text-decoration:underline; 			} 			#headerImage{ 				height:auto; 				max-width:600px; 			} 			/* ========== Body Styles ========== */ 			/** 			* @tab Body 			* @section body style 			* @tip Set the background color and borders for your email''s body area. 			*/ 			#templateBody{ 				/*@editable*/ background-color:#F4F4F4; 				/*@editable*/ border-top:1px solid #FFFFFF; 				/*@editable*/ border-bottom:1px solid #CCCCCC; 			} 			/** 			* @tab Body 			* @section body text 			* @tip Set the styling for your email''s main content text. Choose a size and color that is easy to read. 			* @theme main 			*/ 			.bodyContent{ 				/*@editable*/ color:#505050; 				/*@editable*/ font-family:Helvetica; 				/*@editable*/ font-size:16px; 				/*@editable*/ line-height:150%; 				padding-top:20px; 				padding-right:20px; 				padding-bottom:20px; 				padding-left:20px; 				/*@editable*/ text-align:left; 			} 			/** 			* @tab Body 			* @section body link 			* @tip Set the styling for your email''s main content links. Choose a color that helps them stand out from your text. 			*/ 			.bodyContent a:link, .bodyContent a:visited, /* Yahoo! Mail Override */ .bodyContent a .yshortcuts /* Yahoo! Mail Override */{ 				/*@editable*/ color:#EB4102; 				/*@editable*/ font-weight:normal; 				/*@editable*/ text-decoration:underline; 			} 			.bodyContent img{ 				display:inline; 				height:auto; 				max-width:560px; 			} 			/* ========== Column Styles ========== */ 			.templateColumnContainer{width:200px;} 			/** 			* @tab Columns 			* @section column style 			* @tip Set the background color and borders for your email''s column area. 			*/ 			#templateColumns{ 				/*@editable*/ background-color:#F4F4F4; 				/*@editable*/ border-top:1px solid #FFFFFF; 				/*@editable*/ border-bottom:1px solid #CCCCCC; 			} 			/** 			* @tab Columns 			* @section left column text 			* @tip Set the styling for your email''s left column content text. Choose a size and color that is easy to read. 			*/ 			.leftColumnContent{ 				/*@editable*/ color:#505050; 				/*@editable*/ font-family:Helvetica; 				/*@editable*/ font-size:14px; 				/*@editable*/ line-height:150%; 				padding-top:0; 				padding-right:20px; 				padding-bottom:20px; 				padding-left:20px; 				/*@editable*/ text-align:left; 			} 			/** 			* @tab Columns 			* @section left column link 			* @tip Set the styling for your email''s left column content links. Choose a color that helps them stand out from your text. 			*/ 			.leftColumnContent a:link, .leftColumnContent a:visited, /* Yahoo! Mail Override */ .leftColumnContent a .yshortcuts /* Yahoo! Mail Override */{ 				/*@editable*/ color:#EB4102; 				/*@editable*/ font-weight:normal; 				/*@editable*/ text-decoration:underline; 			} 			/** 			* @tab Columns 			* @section center column text 			* @tip Set the styling for your email''s center column content text. Choose a size and color that is easy to read. 			*/ 			.centerColumnContent{ 				/*@editable*/ color:#505050; 				/*@editable*/ font-family:Helvetica; 				/*@editable*/ font-size:14px; 				/*@editable*/ line-height:150%; 				padding-top:0; 				padding-right:20px; 				padding-bottom:20px; 				padding-left:20px; 				/*@editable*/ text-align:left; 			} 			/** 			* @tab Columns 			* @section center column link 			* @tip Set the styling for your email''s center column content links. Choose a color that helps them stand out from your text. 			*/ 			.centerColumnContent a:link, .centerColumnContent a:visited, /* Yahoo! Mail Override */ .centerColumnContent a .yshortcuts /* Yahoo! Mail Override */{ 				/*@editable*/ color:#EB4102; 				/*@editable*/ font-weight:normal; 				/*@editable*/ text-decoration:underline; 			} 			/** 			* @tab Columns 			* @section right column text 			* @tip Set the styling for your email''s right column content text. Choose a size and color that is easy to read. 			*/ 			.rightColumnContent{ 				/*@editable*/ color:#505050; 				/*@editable*/ font-family:Helvetica; 				/*@editable*/ font-size:14px; 				/*@editable*/ line-height:150%; 				padding-top:0; 				padding-right:20px; 				padding-bottom:20px; 				padding-left:20px; 				/*@editable*/ text-align:left; 			} 			/** 			* @tab Columns 			* @section right column link 			* @tip Set the styling for your email''s right column content links. Choose a color that helps them stand out from your text. 			*/ 			.rightColumnContent a:link, .rightColumnContent a:visited, /* Yahoo! Mail Override */ .rightColumnContent a .yshortcuts /* Yahoo! Mail Override */{ 				/*@editable*/ color:#EB4102; 				/*@editable*/ font-weight:normal; 				/*@editable*/ text-decoration:underline; 			} 			.leftColumnContent img, .rightColumnContent img{ 				display:inline; 				height:auto; 				max-width:260px; 			} 			/* ========== Footer Styles ========== */ 			/** 			* @tab Footer 			* @section footer style 			* @tip Set the background color and borders for your email''s footer area. 			* @theme footer 			*/ 			#templateFooter{ 				/*@editable*/ background-color:#F4F4F4; 				/*@editable*/ border-top:1px solid #FFFFFF; 			} 			/** 			* @tab Footer 			* @section footer text 			* @tip Set the styling for your email''s footer text. Choose a size and color that is easy to read. 			* @theme footer 			*/ 			.footerContent{ 				/*@editable*/ color:#808080; 				/*@editable*/ font-family:Helvetica; 				/*@editable*/ font-size:10px; 				/*@editable*/ line-height:150%; 				padding-top:20px; 				padding-right:20px; 				padding-bottom:20px; 				padding-left:20px; 				/*@editable*/ text-align:left; 			} 			/** 			* @tab Footer 			* @section footer link 			* @tip Set the styling for your email''s footer links. Choose a color that helps them stand out from your text. 			*/ 			.footerContent a:link, .footerContent a:visited, /* Yahoo! Mail Override */ .footerContent a .yshortcuts, .footerContent a span /* Yahoo! Mail Override */{ 				/*@editable*/ color:#606060; 				/*@editable*/ font-weight:normal; 				/*@editable*/ text-decoration:underline; 			} 			/* ///////// MOBILE STYLES ///////// */ @media only screen and (max-width: 480px){ 				/* /////// CLIENT-SPECIFIC MOBILE STYLES /////// */ 				body, table, td, p, a, li, blockquote{-webkit-text-size-adjust:none !important;} /* Prevent Webkit platforms from changing default text sizes */ body{width:100% !important; min-width:100% !important;} /* Prevent iOS Mail from adding padding to the body */ 				/* /////// MOBILE RESET STYLES /////// */ 				#bodyCell{padding:10px !important;} 				/* /////// MOBILE TEMPLATE STYLES /////// */ 				/* ======== Page Styles ======== */ 				/** 				* @tab Mobile Styles 				* @section template width 				* @tip Make the template fluid for portrait or landscape view adaptability. If a fluid layout doesn''t work for you, set the width to 300px instead. 				*/ 				#templateContainer{ 					max-width:600px !important; 					/*@editable*/ width:100% !important; 				} 				/** 				* @tab Mobile Styles 				* @section heading 1 				* @tip Make the first-level headings larger in size for better readability on small screens. 				*/ 				h1{ 					/*@editable*/ font-size:24px !important; 					/*@editable*/ line-height:100% !important; 				} 				/** 				* @tab Mobile Styles 				* @section heading 2 				* @tip Make the second-level headings larger in size for better readability on small screens. 				*/ 				h2{ 					/*@editable*/ font-size:20px !important; 					/*@editable*/ line-height:100% !important; 				} 				/** 				* @tab Mobile Styles 				* @section heading 3 				* @tip Make the third-level headings larger in size for better readability on small screens. 				*/ 				h3{ 					/*@editable*/ font-size:18px !important; 					/*@editable*/ line-height:100% !important; 				} 				/** 				* @tab Mobile Styles 				* @section heading 4 				* @tip Make the fourth-level headings larger in size for better readability on small screens. 				*/ 				h4{ 					/*@editable*/ font-size:16px !important; 					/*@editable*/ line-height:100% !important; 				} 				/* ======== Header Styles ======== */ 				#templatePreheader{display:none !important;} /* Hide the template preheader to save space */ 				/** 				* @tab Mobile Styles 				* @section header image 				* @tip Make the main header image fluid for portrait or landscape view adaptability, and set the image''s original width as the max-width. If a fluid setting doesn''t work, set the image width to half its original size instead. 				*/ 				#headerImage{ 					height:auto !important; 					/*@editable*/ max-width:600px !important; 					/*@editable*/ width:100% !important; 				} 				/** 				* @tab Mobile Styles 				* @section header text 				* @tip Make the header content text larger in size for better readability on small screens. We recommend a font size of at least 16px. 				*/ 				.headerContent{ 					/*@editable*/ font-size:20px !important; 					/*@editable*/ line-height:125% !important; 				} 				/* ======== Body Styles ======== */ 				/** 				* @tab Mobile Styles 				* @section body text 				* @tip Make the body content text larger in size for better readability on small screens. We recommend a font size of at least 16px. 				*/ 				.bodyContent{ 					/*@editable*/ font-size:18px !important; 					/*@editable*/ line-height:125% !important; 				} 				/* ======== Column Styles ======== */ 				.templateColumnContainer{display:block !important; width:100% !important;} 				/** 				* @tab Mobile Styles 				* @section column image 				* @tip Make the column image fluid for portrait or landscape view adaptability, and set the image''s original width as the max-width. If a fluid setting doesn''t work, set the image width to half its original size instead. 				*/ 				.columnImage{ 					height:auto !important; 					/*@editable*/ max-width:480px !important; 					/*@editable*/ width:100% !important; 				} 				/** 				* @tab Mobile Styles 				* @section left column text 				* @tip Make the left column content text larger in size for better readability on small screens. We recommend a font size of at least 16px. 				*/ 				.leftColumnContent{ 					/*@editable*/ font-size:16px !important; 					/*@editable*/ line-height:125% !important; 				} 				/** 				* @tab Mobile Styles 				* @section center column text 				* @tip Make the center column content text larger in size for better readability on small screens. We recommend a font size of at least 16px. 				*/ 				.centerColumnContent{ 					/*@editable*/ font-size:16px !important; 					/*@editable*/ line-height:125% !important; 				} 				/** 				* @tab Mobile Styles 				* @section right column text 				* @tip Make the right column content text larger in size for better readability on small screens. We recommend a font size of at least 16px. 				*/ 				.rightColumnContent{ 					/*@editable*/ font-size:16px !important; 					/*@editable*/ line-height:125% !important; 				} 				/* ======== Footer Styles ======== */ 				/** 				* @tab Mobile Styles 				* @section footer text 				* @tip Make the body content text larger in size for better readability on small screens. 				*/ 				.footerContent{ 					/*@editable*/ font-size:14px !important; 					/*@editable*/ line-height:115% !important; 				} 				.footerContent a{display:block !important;} /* Place footer social and utility links on their own lines, for easier access */ 			}\n&lt;/style&gt;\n&lt;div leftmargin=&quot;0&quot; marginheight=&quot;0&quot; marginwidth=&quot;0&quot; offset=&quot;0&quot; topmargin=&quot;0&quot;&gt;\n&lt;center&gt;\n&lt;table align=&quot;center&quot; border=&quot;0&quot; cellpadding=&quot;0&quot; cellspacing=&quot;0&quot; height=&quot;100%&quot; id=&quot;bodyTable&quot; width=&quot;100%&quot;&gt;\n	&lt;tbody&gt;\n		&lt;tr&gt;\n			&lt;td align=&quot;center&quot; id=&quot;bodyCell&quot; valign=&quot;top&quot;&gt;&lt;!-- BEGIN TEMPLATE // --&gt;\n			&lt;table border=&quot;0&quot; cellpadding=&quot;0&quot; cellspacing=&quot;0&quot; id=&quot;templateContainer&quot;&gt;\n				&lt;tbody&gt;\n					&lt;tr&gt;\n						&lt;td align=&quot;center&quot; valign=&quot;top&quot;&gt;&lt;!-- BEGIN PREHEADER // --&gt;\n						&lt;table border=&quot;0&quot; cellpadding=&quot;0&quot; cellspacing=&quot;0&quot; id=&quot;templatePreheader&quot; width=&quot;100%&quot;&gt;\n							&lt;tbody&gt;\n								&lt;tr&gt;\n									&lt;td class=&quot;preheaderContent&quot; mc:edit=&quot;preheader_content00&quot; style=&quot;padding-top:10px; padding-right:20px; padding-bottom:10px; padding-left:20px;&quot; valign=&quot;top&quot;&gt;Welcome to *|PageName|*&lt;/td&gt;\n									&lt;!-- *|IFNOT:ARCHIVE_PAGE|* --&gt;\n									&lt;td class=&quot;preheaderContent&quot; mc:edit=&quot;preheader_content01&quot; style=&quot;padding-top:10px; padding-right:20px; padding-bottom:10px; padding-left:0;&quot; valign=&quot;top&quot; width=&quot;180&quot;&gt;&amp;nbsp;&lt;/td&gt;\n									&lt;!-- *|END:IF|* --&gt;\n								&lt;/tr&gt;\n							&lt;/tbody&gt;\n						&lt;/table&gt;\n						&lt;!-- // END PREHEADER --&gt;&lt;/td&gt;\n					&lt;/tr&gt;\n					&lt;tr&gt;\n						&lt;td align=&quot;center&quot; valign=&quot;top&quot;&gt;&lt;!-- BEGIN HEADER // --&gt;\n						&lt;table border=&quot;0&quot; cellpadding=&quot;0&quot; cellspacing=&quot;0&quot; id=&quot;templateHeader&quot; width=&quot;100%&quot;&gt;\n							&lt;tbody&gt;\n								&lt;tr&gt;\n									&lt;td class=&quot;headerContent&quot; valign=&quot;top&quot;&gt;&lt;img id=&quot;headerImage&quot; mc:allowdesigner=&quot;&quot; mc:allowtext=&quot;&quot; mc:edit=&quot;header_image&quot; mc:label=&quot;header_image&quot; src=&quot;http://gallery.mailchimp.com/2425ea8ad3/images/header_placeholder_600px.png&quot; style=&quot;max-width:600px;&quot;&gt;&lt;/td&gt;\n								&lt;/tr&gt;\n							&lt;/tbody&gt;\n						&lt;/table&gt;\n						&lt;!-- // END HEADER --&gt;&lt;/td&gt;\n					&lt;/tr&gt;\n					&lt;tr&gt;\n						&lt;td align=&quot;center&quot; valign=&quot;top&quot;&gt;&lt;!-- BEGIN BODY // --&gt;\n						&lt;table border=&quot;0&quot; cellpadding=&quot;0&quot; cellspacing=&quot;0&quot; id=&quot;templateBody&quot; width=&quot;100%&quot;&gt;\n							&lt;tbody&gt;\n								&lt;tr&gt;\n									&lt;td class=&quot;bodyContent&quot; mc:edit=&quot;body_content&quot; valign=&quot;top&quot;&gt;\n									&lt;h1&gt;Your account has been registered successfully.&lt;/h1&gt;\n\n									&lt;h3&gt;&lt;font color=&quot;#505050&quot;&gt;&lt;span style=&quot;font-size: 16px;&quot;&gt;Please verify your account by click to the link below:&lt;/span&gt;&lt;/font&gt;&lt;/h3&gt;\n\n									&lt;p&gt;*|LinkActiveAccount|*&lt;/p&gt;\n									&lt;/td&gt;\n								&lt;/tr&gt;\n							&lt;/tbody&gt;\n						&lt;/table&gt;\n						&lt;!-- // END BODY --&gt;&lt;/td&gt;\n					&lt;/tr&gt;\n					&lt;tr&gt;\n						&lt;td align=&quot;center&quot; valign=&quot;top&quot;&gt;&lt;!-- BEGIN FOOTER // --&gt;\n						&lt;table border=&quot;0&quot; cellpadding=&quot;0&quot; cellspacing=&quot;0&quot; id=&quot;templateFooter&quot; width=&quot;100%&quot;&gt;\n							&lt;tbody&gt;\n								&lt;tr&gt;\n									&lt;td class=&quot;footerContent&quot; mc:edit=&quot;footer_content00&quot; valign=&quot;top&quot;&gt;&lt;a href=&quot;*|TWITTER:PROFILEURL|*&quot;&gt;Follow on Twitter&lt;/a&gt;&amp;nbsp;&amp;nbsp;&amp;nbsp;&lt;a href=&quot;*|FACEBOOK:PROFILEURL|*&quot;&gt;Friend on Facebook&lt;/a&gt;&amp;nbsp;&amp;nbsp;&amp;nbsp;&lt;a href=&quot;*|FORWARD|*&quot;&gt;Forward to Friend&lt;/a&gt;&amp;nbsp;&lt;/td&gt;\n								&lt;/tr&gt;\n								&lt;tr&gt;\n									&lt;td class=&quot;footerContent&quot; mc:edit=&quot;footer_content01&quot; style=&quot;padding-top:0;&quot; valign=&quot;top&quot;&gt;&lt;i&gt;*|Copyright|*&lt;/i&gt;&lt;/td&gt;\n								&lt;/tr&gt;\n								&lt;tr&gt;\n									&lt;td class=&quot;footerContent&quot; mc:edit=&quot;footer_content02&quot; style=&quot;padding-top:0;&quot; valign=&quot;top&quot;&gt;&lt;a href=&quot;*|UNSUB|*&quot;&gt;unsubscribe from this list&lt;/a&gt;&amp;nbsp;&amp;nbsp;&amp;nbsp;&lt;a href=&quot;*|UPDATE_PROFILE|*&quot;&gt;update subscription preferences&lt;/a&gt;&amp;nbsp;&lt;/td&gt;\n								&lt;/tr&gt;\n							&lt;/tbody&gt;\n						&lt;/table&gt;\n						&lt;!-- // END FOOTER --&gt;&lt;/td&gt;\n					&lt;/tr&gt;\n				&lt;/tbody&gt;\n			&lt;/table&gt;\n			&lt;!-- // END TEMPLATE --&gt;&lt;/td&gt;\n		&lt;/tr&gt;\n	&lt;/tbody&gt;\n&lt;/table&gt;\n&lt;/center&gt;\n&lt;/div&gt;\n&lt;/section&gt;&lt;/div&gt;\n    &lt;/div&gt;&lt;/section&gt;', 1, 1, 0, 0, 1, 2),
(11, 43, 'Main Template V2', 'Test', '&lt;section&gt;&lt;div class=&quot;container-full&quot;&gt;\n        &lt;div data-type=&quot;container-content&quot; class=&quot;&quot;&gt;&lt;section data-type=&quot;component-ckeditor&quot;&gt;&lt;style type=&quot;text/css&quot;&gt;.preheaderContent a:visited { color: #606060 !important; font-weight: normal !important; text-decoration: underline !important; }\n.headerContent a:visited { color: #EB4102 !important; font-weight: normal !important; text-decoration: underline !important; }\n.bodyContent a:visited { color: #EB4102 !important; font-weight: normal !important; text-decoration: underline !important; }\n.leftColumnContent a:visited { color: #EB4102 !important; font-weight: normal !important; text-decoration: underline !important; }\n.centerColumnContent a:visited { color: #EB4102 !important; font-weight: normal !important; text-decoration: underline !important; }\n.rightColumnContent a:visited { color: #EB4102 !important; font-weight: normal !important; text-decoration: underline !important; }\n.footerContent a:visited { color: #606060 !important; font-weight: normal !important; text-decoration: underline !important; }\n&gt;\n&lt;/style&gt;\n&lt;div leftmargin=&quot;0&quot; marginheight=&quot;0&quot; marginwidth=&quot;0&quot; offset=&quot;0&quot; topmargin=&quot;0&quot;&gt;\n&lt;center&gt;\n&lt;table align=&quot;center&quot; bgcolor=&quot;#DEE0E2&quot; border=&quot;0&quot; cellpadding=&quot;0&quot; cellspacing=&quot;0&quot; height=&quot;100%&quot; style=&quot;-webkit-text-size-adjust: none !important; -ms-text-size-adjust: 100%; mso-table-lspace: 0pt; mso-table-rspace: 0pt; border-collapse: collapse !important; height: 100% !important; width: 100% !important; background-color: #DEE0E2; margin: 0; padding: 0;&quot; width=&quot;100%&quot;&gt;\n	&lt;tbody&gt;\n		&lt;tr&gt;\n			&lt;td align=&quot;center&quot; style=&quot;-webkit-text-size-adjust: none !important; -ms-text-size-adjust: 100%; mso-table-lspace: 0pt; mso-table-rspace: 0pt; height: 100% !important; width: 100% !important; border-top-width: 4px; border-top-color: #BBBBBB; border-top-style: solid; margin: 0; padding: 10px;&quot; valign=&quot;top&quot;&gt;\n			&lt;table border=&quot;0&quot; cellpadding=&quot;0&quot; cellspacing=&quot;0&quot; style=&quot;-webkit-text-size-adjust: none !important; -ms-text-size-adjust: 100%; mso-table-lspace: 0pt; mso-table-rspace: 0pt; border-collapse: collapse !important; width: 100% !important; max-width: 600px !important; border: 1px solid #bbbbbb;&quot;&gt;\n				&lt;tbody&gt;\n					&lt;tr&gt;\n						&lt;td align=&quot;center&quot; style=&quot;-webkit-text-size-adjust: none !important; -ms-text-size-adjust: 100%; mso-table-lspace: 0pt; mso-table-rspace: 0pt;&quot; valign=&quot;top&quot;&gt;\n						&lt;table bgcolor=&quot;#F4F4F4&quot; border=&quot;0&quot; cellpadding=&quot;0&quot; cellspacing=&quot;0&quot; style=&quot;-webkit-text-size-adjust: none !important; -ms-text-size-adjust: 100%; mso-table-lspace: 0pt; mso-table-rspace: 0pt; border-collapse: collapse !important; border-bottom-color: #CCCCCC; border-bottom-width: 1px; border-bottom-style: solid; display: none !important; background-color: #F4F4F4;&quot; width=&quot;100%&quot;&gt;\n							&lt;tbody&gt;\n								&lt;tr&gt;\n									&lt;td align=&quot;left&quot; mc:edit=&quot;preheader_content00&quot; style=&quot;-webkit-text-size-adjust: none !important; -ms-text-size-adjust: 100%; mso-table-lspace: 0pt; mso-table-rspace: 0pt; color: #808080; font-family: Helvetica; font-size: 10px; line-height: 125%; text-align: left; padding: 10px 20px;&quot; valign=&quot;top&quot;&gt;Welcome to *|PageName|*&lt;/td&gt;\n									&lt;td align=&quot;left&quot; mc:edit=&quot;preheader_content01&quot; style=&quot;-webkit-text-size-adjust: none !important; -ms-text-size-adjust: 100%; mso-table-lspace: 0pt; mso-table-rspace: 0pt; color: #808080; font-family: Helvetica; font-size: 10px; line-height: 125%; text-align: left; padding: 10px 20px 10px 0;&quot; valign=&quot;top&quot; width=&quot;180&quot;&gt;&amp;nbsp;&lt;/td&gt;\n								&lt;/tr&gt;\n							&lt;/tbody&gt;\n						&lt;/table&gt;\n						&lt;/td&gt;\n					&lt;/tr&gt;\n					&lt;tr&gt;\n						&lt;td align=&quot;center&quot; style=&quot;-webkit-text-size-adjust: none !important; -ms-text-size-adjust: 100%; mso-table-lspace: 0pt; mso-table-rspace: 0pt;&quot; valign=&quot;top&quot;&gt;\n						&lt;table bgcolor=&quot;#F4F4F4&quot; border=&quot;0&quot; cellpadding=&quot;0&quot; cellspacing=&quot;0&quot; style=&quot;-webkit-text-size-adjust: none !important; -ms-text-size-adjust: 100%; mso-table-lspace: 0pt; mso-table-rspace: 0pt; border-collapse: collapse !important; border-top-width: 1px; border-top-color: #FFFFFF; border-top-style: solid; border-bottom-width: 1px; border-bottom-color: #CCCCCC; border-bottom-style: solid; background-color: #F4F4F4;&quot; width=&quot;100%&quot;&gt;\n							&lt;tbody&gt;\n								&lt;tr&gt;\n									&lt;td align=&quot;left&quot; style=&quot;-webkit-text-size-adjust: none !important; -ms-text-size-adjust: 100%; mso-table-lspace: 0pt; mso-table-rspace: 0pt; color: #505050; font-family: Helvetica; font-size: 20px !important; font-weight: bold; line-height: 125% !important; text-align: left; vertical-align: middle; padding: 0;&quot; valign=&quot;top&quot;&gt;&lt;img mc:allowdesigner=&quot;&quot; mc:allowtext=&quot;&quot; mc:edit=&quot;header_image&quot; mc:label=&quot;header_image&quot; src=&quot;http://gallery.mailchimp.com/2425ea8ad3/images/header_placeholder_600px.png&quot; style=&quot;max-width: 600px !important; -ms-interpolation-mode: bicubic; height: auto !important; line-height: 100%; outline: none; text-decoration: none; width: 100% !important; border: 0;&quot;&gt;&lt;/td&gt;\n								&lt;/tr&gt;\n							&lt;/tbody&gt;\n						&lt;/table&gt;\n						&lt;/td&gt;\n					&lt;/tr&gt;\n					&lt;tr&gt;\n						&lt;td align=&quot;center&quot; style=&quot;-webkit-text-size-adjust: none !important; -ms-text-size-adjust: 100%; mso-table-lspace: 0pt; mso-table-rspace: 0pt;&quot; valign=&quot;top&quot;&gt;\n						&lt;table bgcolor=&quot;#F4F4F4&quot; border=&quot;0&quot; cellpadding=&quot;0&quot; cellspacing=&quot;0&quot; style=&quot;-webkit-text-size-adjust: none !important; -ms-text-size-adjust: 100%; mso-table-lspace: 0pt; mso-table-rspace: 0pt; border-collapse: collapse !important; border-top-width: 1px; border-top-color: #FFFFFF; border-top-style: solid; border-bottom-width: 1px; border-bottom-color: #CCCCCC; border-bottom-style: solid; background-color: #F4F4F4;&quot; width=&quot;100%&quot;&gt;\n							&lt;tbody&gt;\n								&lt;tr&gt;\n									&lt;td align=&quot;left&quot; mc:edit=&quot;body_content&quot; style=&quot;-webkit-text-size-adjust: none !important; -ms-text-size-adjust: 100%; mso-table-lspace: 0pt; mso-table-rspace: 0pt; color: #505050; font-family: Helvetica; font-size: 18px !important; line-height: 125% !important; text-align: left; padding: 20px;&quot; valign=&quot;top&quot;&gt;\n									&lt;h1 align=&quot;left&quot; style=&quot;color: #202020 !important; display: block; font-family: Helvetica; font-size: 24px !important; font-style: normal; font-weight: bold; line-height: 100% !important; letter-spacing: normal; text-align: left; margin: 0 0 10px;&quot;&gt;Your account has been registered successfully.&lt;/h1&gt;\n\n									&lt;h3 align=&quot;left&quot; style=&quot;color: #606060 !important; display: block; font-family: Helvetica; font-size: 18px !important; font-style: italic; font-weight: normal; line-height: 100% !important; letter-spacing: normal; text-align: left; margin: 0 0 10px;&quot;&gt;&lt;font color=&quot;#505050&quot;&gt;&lt;span style=&quot;font-size: 16px;&quot;&gt;Please verify your account by click to the link below:&lt;/span&gt;&lt;/font&gt;&lt;/h3&gt;\n\n									&lt;p style=&quot;-webkit-text-size-adjust: none !important; -ms-text-size-adjust: 100%;&quot;&gt;*|LinkActiveAccount|*&lt;/p&gt;\n									&lt;/td&gt;\n								&lt;/tr&gt;\n							&lt;/tbody&gt;\n						&lt;/table&gt;\n						&lt;/td&gt;\n					&lt;/tr&gt;\n					&lt;tr&gt;\n						&lt;td align=&quot;center&quot; style=&quot;-webkit-text-size-adjust: none !important; -ms-text-size-adjust: 100%; mso-table-lspace: 0pt; mso-table-rspace: 0pt;&quot; valign=&quot;top&quot;&gt;\n						&lt;table bgcolor=&quot;#F4F4F4&quot; border=&quot;0&quot; cellpadding=&quot;0&quot; cellspacing=&quot;0&quot; style=&quot;-webkit-text-size-adjust: none !important; -ms-text-size-adjust: 100%; mso-table-lspace: 0pt; mso-table-rspace: 0pt; border-collapse: collapse !important; border-top-color: #FFFFFF; border-top-width: 1px; border-top-style: solid; background-color: #F4F4F4;&quot; width=&quot;100%&quot;&gt;\n							&lt;tbody&gt;\n								&lt;tr&gt;\n									&lt;td align=&quot;left&quot; mc:edit=&quot;footer_content00&quot; style=&quot;-webkit-text-size-adjust: none !important; -ms-text-size-adjust: 100%; mso-table-lspace: 0pt; mso-table-rspace: 0pt; color: #808080; font-family: Helvetica; font-size: 14px !important; line-height: 115% !important; text-align: left; padding: 20px;&quot; valign=&quot;top&quot;&gt;&lt;a href=&quot;*%7CTWITTER:PROFILEURL%7C*&quot; style=&quot;-webkit-text-size-adjust: none !important; -ms-text-size-adjust: 100%; color: #606060; font-weight: normal; text-decoration: underline; display: block !important;&quot;&gt;Follow on Twitter&lt;/a&gt;&amp;nbsp;&amp;nbsp;&amp;nbsp;&lt;a href=&quot;*%7CFACEBOOK:PROFILEURL%7C*&quot; style=&quot;-webkit-text-size-adjust: none !important; -ms-text-size-adjust: 100%; color: #606060; font-weight: normal; text-decoration: underline; display: block !important;&quot;&gt;Friend on Facebook&lt;/a&gt;&amp;nbsp;&amp;nbsp;&amp;nbsp;&lt;a href=&quot;*%7CFORWARD%7C*&quot; style=&quot;-webkit-text-size-adjust: none !important; -ms-text-size-adjust: 100%; color: #606060; font-weight: normal; text-decoration: underline; display: block !important;&quot;&gt;Forward to Friend&lt;/a&gt;&amp;nbsp;&lt;/td&gt;\n								&lt;/tr&gt;\n								&lt;tr&gt;\n									&lt;td align=&quot;left&quot; mc:edit=&quot;footer_content01&quot; style=&quot;-webkit-text-size-adjust: none !important; -ms-text-size-adjust: 100%; mso-table-lspace: 0pt; mso-table-rspace: 0pt; color: #808080; font-family: Helvetica; font-size: 14px !important; line-height: 115% !important; text-align: left; padding: 0 20px 20px;&quot; valign=&quot;top&quot;&gt;&lt;i&gt;*|Copyright|*&lt;/i&gt;&lt;/td&gt;\n								&lt;/tr&gt;\n								&lt;tr&gt;\n									&lt;td align=&quot;left&quot; mc:edit=&quot;footer_content02&quot; style=&quot;-webkit-text-size-adjust: none !important; -ms-text-size-adjust: 100%; mso-table-lspace: 0pt; mso-table-rspace: 0pt; color: #808080; font-family: Helvetica; font-size: 14px !important; line-height: 115% !important; text-align: left; padding: 0 20px 20px;&quot; valign=&quot;top&quot;&gt;&lt;a href=&quot;*%7CUNSUB%7C*&quot; style=&quot;-webkit-text-size-adjust: none !important; -ms-text-size-adjust: 100%; color: #606060; font-weight: normal; text-decoration: underline; display: block !important;&quot;&gt;unsubscribe from this list&lt;/a&gt;&amp;nbsp;&amp;nbsp;&amp;nbsp;&lt;a href=&quot;*%7CUPDATE_PROFILE%7C*&quot; style=&quot;-webkit-text-size-adjust: none !important; -ms-text-size-adjust: 100%; color: #606060; font-weight: normal; text-decoration: underline; display: block !important;&quot;&gt;update subscription preferences&lt;/a&gt;&amp;nbsp;&lt;/td&gt;\n								&lt;/tr&gt;\n							&lt;/tbody&gt;\n						&lt;/table&gt;\n						&lt;/td&gt;\n					&lt;/tr&gt;\n				&lt;/tbody&gt;\n			&lt;/table&gt;\n			&lt;/td&gt;\n		&lt;/tr&gt;\n	&lt;/tbody&gt;\n&lt;/table&gt;\n&lt;/center&gt;\n&lt;/div&gt;\n&lt;/section&gt;&lt;/div&gt;\n    &lt;/div&gt;&lt;/section&gt;', 1, 1, 0, 0, 1, 2),
(10, 44, 'test', 'test', '&lt;section&gt;&lt;div class=&quot;container-full&quot;&gt;\n        &lt;div data-type=&quot;container-content&quot; class=&quot;&quot;&gt;&lt;section data-type=&quot;component-ckeditor&quot;&gt;&lt;p&gt;*|EmailUser|*&lt;/p&gt;\n\n&lt;div&gt;Tset&lt;/div&gt;\n&lt;/section&gt;&lt;/div&gt;\n    &lt;/div&gt;&lt;/section&gt;', 1, 1, 0, 0, 1, 2);
INSERT INTO `FunctionStage` (`FunctionStageId`, `FunctionId`, `StageName`, `StageDescription`, `Content`, `HideNavigationBar`, `HideFooter`, `NavbarTransparent`, `NavbarConfig`, `LanguageId`, `CreatedBy`) VALUES
(12, 43, 'Main Portfolio V3', 'Tset', '&lt;section&gt;&lt;div class=&quot;container-full&quot;&gt;\n&lt;div data-type=&quot;container-content&quot; class=&quot;&quot;&gt;&lt;section data-type=&quot;component-ckeditor&quot;&gt;&lt;style type=&quot;text/css&quot;&gt;#outlook a{padding:0;} 			.ReadMsgBody{width:100%;} .ExternalClass{width:100%;} 			.ExternalClass, .ExternalClass p, .ExternalClass span, .ExternalClass font, .ExternalClass td, .ExternalClass div {line-height: 100%;} 			body, table, td, p, a, li, blockquote{-webkit-text-size-adjust:100%; -ms-text-size-adjust:100%;} 			table, td{mso-table-lspace:0pt; mso-table-rspace:0pt;} 			img{-ms-interpolation-mode:bicubic;} 			 			body{margin:0; padding:0;} 			img{border:0; height:auto; line-height:100%; outline:none; text-decoration:none;} 			table{border-collapse:collapse !important;} 			body, #bodyTable, #bodyCell{height:100% !important; margin:0; padding:0; width:100% !important;} 			 			 			#bodyCell{padding:20px;} 			#templateContainer{width:600px;} 			 			body, #bodyTable{ 				 background-color:#DEE0E2; 			} 			 			#bodyCell{ 				 border-top:4px solid #BBBBBB; 			} 			 			#templateContainer{ 				 border:1px solid #BBBBBB; 			} 			 			h1{ 				 color:#202020 !important; 				display:block; 				 font-family:Helvetica; 				 font-size:26px; 				 font-style:normal; 				 font-weight:bold; 				 line-height:100%; 				 letter-spacing:normal; 				margin-top:0; 				margin-right:0; 				margin-bottom:10px; 				margin-left:0; 				 text-align:left; 			} 			 			h2{ 				 color:#404040 !important; 				display:block; 				 font-family:Helvetica; 				 font-size:20px; 				 font-style:normal; 				 font-weight:bold; 				 line-height:100%; 				 letter-spacing:normal; 				margin-top:0; 				margin-right:0; 				margin-bottom:10px; 				margin-left:0; 				 text-align:left; 			} 			 			h3{ 				 color:#606060 !important; 				display:block; 				 font-family:Helvetica; 				 font-size:16px; 				 font-style:italic; 				 font-weight:normal; 				 line-height:100%; 				 letter-spacing:normal; 				margin-top:0; 				margin-right:0; 				margin-bottom:10px; 				margin-left:0; 				 text-align:left; 			} 			 			h4{ 				 color:#808080 !important; 				display:block; 				 font-family:Helvetica; 				 font-size:14px; 				 font-style:italic; 				 font-weight:normal; 				 line-height:100%; 				 letter-spacing:normal; 				margin-top:0; 				margin-right:0; 				margin-bottom:10px; 				margin-left:0; 				 text-align:left; 			} 			 			 			#templatePreheader{ 				 background-color:#F4F4F4; 				 border-bottom:1px solid #CCCCCC; 			} 			 			.preheaderContent{ 				 color:#808080; 				 font-family:Helvetica; 				 font-size:10px; 				 line-height:125%; 				 text-align:left; 			} 			 			.preheaderContent a:link, .preheaderContent a:visited, .preheaderContent a .yshortcuts { 				 color:#606060; 				 font-weight:normal; 				 text-decoration:underline; 			} 			 			#templateHeader{ 				 background-color:#F4F4F4; 				 border-top:1px solid #FFFFFF; 				 border-bottom:1px solid #CCCCCC; 			} 			 			.headerContent{ 				 color:#505050; 				 font-family:Helvetica; 				 font-size:20px; 				 font-weight:bold; 				 line-height:100%; 				 padding-top:0; 				 padding-right:0; 				 padding-bottom:0; 				 padding-left:0; 				 text-align:left; 				 vertical-align:middle; 			} 			 			.headerContent a:link, .headerContent a:visited, .headerContent a .yshortcuts { 				 color:#EB4102; 				 font-weight:normal; 				 text-decoration:underline; 			} 			#headerImage{ 				height:auto; 				max-width:600px; 			} 			 			 			#templateBody{ 				 background-color:#F4F4F4; 				 border-top:1px solid #FFFFFF; 				 border-bottom:1px solid #CCCCCC; 			} 			 			.bodyContent{ 				 color:#505050; 				 font-family:Helvetica; 				 font-size:16px; 				 line-height:150%; 				padding-top:20px; 				padding-right:20px; 				padding-bottom:20px; 				padding-left:20px; 				 text-align:left; 			} 			 			.bodyContent a:link, .bodyContent a:visited, .bodyContent a .yshortcuts { 				 color:#EB4102; 				 font-weight:normal; 				 text-decoration:underline; 			} 			.bodyContent img{ 				display:inline; 				height:auto; 				max-width:560px; 			} 			 			.templateColumnContainer{width:260px;} 			 			#templateColumns{ 				 background-color:#F4F4F4; 				 border-top:1px solid #FFFFFF; 				 border-bottom:1px solid #CCCCCC; 			} 			 			.leftColumnContent{ 				 color:#505050; 				 font-family:Helvetica; 				 font-size:14px; 				 line-height:150%; 				padding-top:0; 				padding-right:20px; 				padding-bottom:20px; 				padding-left:20px; 				 text-align:left; 			} 			 			.leftColumnContent a:link, .leftColumnContent a:visited, .leftColumnContent a .yshortcuts { 				 color:#EB4102; 				 font-weight:normal; 				 text-decoration:underline; 			} 			 			.rightColumnContent{ 				 color:#505050; 				 font-family:Helvetica; 				 font-size:14px; 				 line-height:150%; 				padding-top:0; 				padding-right:20px; 				padding-bottom:20px; 				padding-left:20px; 				 text-align:left; 			} 			 			.rightColumnContent a:link, .rightColumnContent a:visited, .rightColumnContent a .yshortcuts { 				 color:#EB4102; 				 font-weight:normal; 				 text-decoration:underline; 			} 			.leftColumnContent img, .rightColumnContent img{ 				display:inline; 				height:auto; 				max-width:260px; 			} 			 			 			#templateFooter{ 				 background-color:#F4F4F4; 				 border-top:1px solid #FFFFFF; 			} 			 			.footerContent{ 				 color:#808080; 				 font-family:Helvetica; 				 font-size:10px; 				 line-height:150%; 				padding-top:20px; 				padding-right:20px; 				padding-bottom:20px; 				padding-left:20px; 				 text-align:left; 			} 			 			.footerContent a:link, .footerContent a:visited, .footerContent a .yshortcuts, .footerContent a span { 				 color:#606060; 				 font-weight:normal; 				 text-decoration:underline; 			} 			 @media only screen and (max-width: 480px){ 				 				body, table, td, p, a, li, blockquote{-webkit-text-size-adjust:none !important;} body{width:100% !important; min-width:100% !important;} 				 				#bodyCell{padding:10px !important;} 				 				 				 				#templateContainer{ 					max-width:600px !important; 					 width:100% !important; 				} 				 				h1{ 					 font-size:24px !important; 					 line-height:100% !important; 				} 				 				h2{ 					 font-size:20px !important; 					 line-height:100% !important; 				} 				 				h3{ 					 font-size:18px !important; 					 line-height:100% !important; 				} 				 				h4{ 					 font-size:16px !important; 					 line-height:100% !important; 				} 				 				#templatePreheader{display:none !important;} 				 				#headerImage{ 					height:auto !important; 					 max-width:600px !important; 					 width:100% !important; 				} 				 				.headerContent{ 					 font-size:20px !important; 					 line-height:125% !important; 				} 				 				 				.bodyContent{ 					 font-size:18px !important; 					 line-height:125% !important; 				} 				 				.templateColumnContainer{display:block !important; width:100% !important;} 				 				.columnImage{ 					height:auto !important; 					 max-width:480px !important; 					 width:100% !important; 				} 				 				.leftColumnContent{ 					 font-size:16px !important; 					 line-height:125% !important; 				} 				 				.rightColumnContent{ 					 font-size:16px !important; 					 line-height:125% !important; 				} 				 				 				.footerContent{ 					 font-size:14px !important; 					 line-height:115% !important; 				} 				.footerContent a{display:block !important;} 			}\n&lt;/style&gt;\n&lt;center&gt;\n&lt;table align=&quot;center&quot; border=&quot;0&quot; cellpadding=&quot;0&quot; cellspacing=&quot;0&quot; height=&quot;100%&quot; id=&quot;bodyTable&quot; style=&quot;-webkit-text-size-adjust:100%;-ms-text-size-adjust:100%;mso-table-lspace:0pt;mso-table-rspace:0pt;border-collapse:collapse !important;height:100% !important;margin-top:0;margin-bottom:0;margin-right:0;margin-left:0;padding-top:0;padding-bottom:0;padding-right:0;padding-left:0;width:100% !important;background-color:#DEE0E2;&quot; width=&quot;100%&quot;&gt;\n	&lt;tbody&gt;\n		&lt;tr&gt;\n			&lt;td align=&quot;center&quot; id=&quot;bodyCell&quot; style=&quot;-webkit-text-size-adjust:100%;-ms-text-size-adjust:100%;mso-table-lspace:0pt;mso-table-rspace:0pt;height:100% !important;margin-top:0;margin-bottom:0;margin-right:0;margin-left:0;width:100% !important;padding-top:20px;padding-bottom:20px;padding-right:20px;padding-left:20px;border-top-width:4px;border-top-style:solid;border-top-color:#BBBBBB;&quot; valign=&quot;top&quot;&gt;\n			&lt;table border=&quot;0&quot; cellpadding=&quot;0&quot; cellspacing=&quot;0&quot; id=&quot;templateContainer&quot; style=&quot;-webkit-text-size-adjust:100%;-ms-text-size-adjust:100%;mso-table-lspace:0pt;mso-table-rspace:0pt;border-collapse:collapse !important;width:600px;border-width:1px;border-style:solid;border-color:#BBBBBB;&quot;&gt;\n				&lt;tbody&gt;\n					&lt;tr&gt;\n						&lt;td align=&quot;center&quot; style=&quot;-webkit-text-size-adjust:100%;-ms-text-size-adjust:100%;mso-table-lspace:0pt;mso-table-rspace:0pt;&quot; valign=&quot;top&quot;&gt;\n						&lt;table border=&quot;0&quot; cellpadding=&quot;0&quot; cellspacing=&quot;0&quot; id=&quot;templatePreheader&quot; style=&quot;-webkit-text-size-adjust:100%;-ms-text-size-adjust:100%;mso-table-lspace:0pt;mso-table-rspace:0pt;border-collapse:collapse !important;background-color:#F4F4F4;border-bottom-width:1px;border-bottom-style:solid;border-bottom-color:#CCCCCC;&quot; width=&quot;100%&quot;&gt;\n							&lt;tbody&gt;\n								&lt;tr&gt;\n									&lt;td class=&quot;preheaderContent&quot; mc:edit=&quot;preheader_content00&quot; style=&quot;padding-top:10px;padding-right:20px;padding-bottom:10px;padding-left:20px;-webkit-text-size-adjust:100%;-ms-text-size-adjust:100%;mso-table-lspace:0pt;mso-table-rspace:0pt;color:#808080;font-family:Helvetica;font-size:10px;line-height:125%;text-align:left;&quot; valign=&quot;top&quot;&gt;*|PageName|* - Your Account Has Been Created !&lt;/td&gt;\n									&lt;td class=&quot;preheaderContent&quot; mc:edit=&quot;preheader_content01&quot; style=&quot;padding: 10px 20px 10px 0px; text-size-adjust: 100%; color: rgb(128, 128, 128); font-family: Helvetica; font-size: 10px; line-height: 125%; text-align: right;&quot; valign=&quot;top&quot; width=&quot;180&quot;&gt;*|DateTime|*&lt;/td&gt;\n								&lt;/tr&gt;\n							&lt;/tbody&gt;\n						&lt;/table&gt;\n						&lt;/td&gt;\n					&lt;/tr&gt;\n					&lt;tr&gt;\n						&lt;td align=&quot;center&quot; style=&quot;-webkit-text-size-adjust:100%;-ms-text-size-adjust:100%;mso-table-lspace:0pt;mso-table-rspace:0pt;&quot; valign=&quot;top&quot;&gt;\n						&lt;table border=&quot;0&quot; cellpadding=&quot;0&quot; cellspacing=&quot;0&quot; id=&quot;templateHeader&quot; style=&quot;-webkit-text-size-adjust:100%;-ms-text-size-adjust:100%;mso-table-lspace:0pt;mso-table-rspace:0pt;border-collapse:collapse !important;background-color:#F4F4F4;border-top-width:1px;border-top-style:solid;border-top-color:#FFFFFF;border-bottom-width:1px;border-bottom-style:solid;border-bottom-color:#CCCCCC;&quot; width=&quot;100%&quot;&gt;\n							&lt;tbody&gt;\n								&lt;tr&gt;\n									&lt;td class=&quot;headerContent&quot; style=&quot;-webkit-text-size-adjust:100%;-ms-text-size-adjust:100%;mso-table-lspace:0pt;mso-table-rspace:0pt;color:#505050;font-family:Helvetica;font-size:20px;font-weight:bold;line-height:100%;padding-top:0;padding-right:0;padding-bottom:0;padding-left:0;text-align:left;vertical-align:middle;&quot; valign=&quot;top&quot;&gt;&lt;img id=&quot;headerImage&quot; mc:allowdesigner=&quot;&quot; mc:allowtext=&quot;&quot; mc:edit=&quot;header_image&quot; mc:label=&quot;header_image&quot; src=&quot;https://gallery.mailchimp.com/2425ea8ad3/images/header_placeholder_600px.png&quot; style=&quot;max-width:600px;-ms-interpolation-mode:bicubic;border-width:0;line-height:100%;outline-style:none;text-decoration:none;height:auto;&quot;&gt;&lt;/td&gt;\n								&lt;/tr&gt;\n							&lt;/tbody&gt;\n						&lt;/table&gt;\n						&lt;/td&gt;\n					&lt;/tr&gt;\n					&lt;tr&gt;\n						&lt;td align=&quot;center&quot; style=&quot;-webkit-text-size-adjust:100%;-ms-text-size-adjust:100%;mso-table-lspace:0pt;mso-table-rspace:0pt;&quot; valign=&quot;top&quot;&gt;\n						&lt;table border=&quot;0&quot; cellpadding=&quot;0&quot; cellspacing=&quot;0&quot; id=&quot;templateBody&quot; style=&quot;-webkit-text-size-adjust:100%;-ms-text-size-adjust:100%;mso-table-lspace:0pt;mso-table-rspace:0pt;border-collapse:collapse !important;background-color:#F4F4F4;border-top-width:1px;border-top-style:solid;border-top-color:#FFFFFF;border-bottom-width:1px;border-bottom-style:solid;border-bottom-color:#CCCCCC;&quot; width=&quot;100%&quot;&gt;\n							&lt;tbody&gt;\n								&lt;tr&gt;\n									&lt;td class=&quot;bodyContent&quot; mc:edit=&quot;body_content&quot; style=&quot;-webkit-text-size-adjust:100%;-ms-text-size-adjust:100%;mso-table-lspace:0pt;mso-table-rspace:0pt;color:#505050;font-family:Helvetica;font-size:16px;line-height:150%;padding-top:20px;padding-right:20px;padding-bottom:20px;padding-left:20px;text-align:left;&quot; valign=&quot;top&quot;&gt;\n									&lt;h1&gt;Your account has been registered successfully.&lt;/h1&gt;\n\n									&lt;h3&gt;&lt;font color=&quot;#505050&quot;&gt;&lt;span style=&quot;font-size:16px&quot;&gt;Please verify your account by click to the link below:&lt;/span&gt;&lt;/font&gt;&lt;/h3&gt;\n\n									&lt;p&gt;*|LinkActiveAccount|*&lt;/p&gt;\n									&lt;/td&gt;\n								&lt;/tr&gt;\n							&lt;/tbody&gt;\n						&lt;/table&gt;\n						&lt;/td&gt;\n					&lt;/tr&gt;\n					&lt;tr&gt;\n						&lt;td align=&quot;center&quot; style=&quot;-webkit-text-size-adjust:100%;-ms-text-size-adjust:100%;mso-table-lspace:0pt;mso-table-rspace:0pt;&quot; valign=&quot;top&quot;&gt;\n						&lt;table border=&quot;0&quot; cellpadding=&quot;0&quot; cellspacing=&quot;0&quot; id=&quot;templateFooter&quot; style=&quot;-webkit-text-size-adjust:100%;-ms-text-size-adjust:100%;mso-table-lspace:0pt;mso-table-rspace:0pt;border-collapse:collapse !important;background-color:#F4F4F4;border-top-width:1px;border-top-style:solid;border-top-color:#FFFFFF;&quot; width=&quot;100%&quot;&gt;\n							&lt;tbody&gt;\n								&lt;tr&gt;\n									&lt;td class=&quot;footerContent&quot; mc:edit=&quot;footer_content00&quot; style=&quot;-webkit-text-size-adjust:100%;-ms-text-size-adjust:100%;mso-table-lspace:0pt;mso-table-rspace:0pt;color:#808080;font-family:Helvetica;font-size:10px;line-height:150%;padding-top:20px;padding-right:20px;padding-bottom:20px;padding-left:20px;text-align:left;&quot; valign=&quot;top&quot;&gt;&lt;a href=&quot;*|TWITTER:PROFILEURL|*&quot; style=&quot;-webkit-text-size-adjust:100%;-ms-text-size-adjust:100%;color:#606060;font-weight:normal;text-decoration:underline;&quot;&gt;Follow on Twitter&lt;/a&gt;&amp;nbsp;&amp;nbsp;&amp;nbsp;&lt;a href=&quot;*|FACEBOOK:PROFILEURL|*&quot; style=&quot;-webkit-text-size-adjust:100%;-ms-text-size-adjust:100%;color:#606060;font-weight:normal;text-decoration:underline;&quot;&gt;Friend on Facebook&lt;/a&gt;&amp;nbsp;&amp;nbsp;&amp;nbsp;&lt;a href=&quot;*|FORWARD|*&quot; style=&quot;-webkit-text-size-adjust:100%;-ms-text-size-adjust:100%;color:#606060;font-weight:normal;text-decoration:underline;&quot;&gt;Forward to Friend&lt;/a&gt;&amp;nbsp;&lt;/td&gt;\n								&lt;/tr&gt;\n								&lt;tr&gt;\n									&lt;td class=&quot;footerContent&quot; mc:edit=&quot;footer_content01&quot; style=&quot;padding-top:0;-webkit-text-size-adjust:100%;-ms-text-size-adjust:100%;mso-table-lspace:0pt;mso-table-rspace:0pt;color:#808080;font-family:Helvetica;font-size:10px;line-height:150%;padding-right:20px;padding-bottom:20px;padding-left:20px;text-align:left;&quot; valign=&quot;top&quot;&gt;&lt;i&gt;*|Copyright|*&lt;/i&gt;&amp;nbsp;&lt;/td&gt;\n								&lt;/tr&gt;\n								&lt;tr&gt;\n									&lt;td class=&quot;footerContent&quot; mc:edit=&quot;footer_content02&quot; style=&quot;padding-top:0;-webkit-text-size-adjust:100%;-ms-text-size-adjust:100%;mso-table-lspace:0pt;mso-table-rspace:0pt;color:#808080;font-family:Helvetica;font-size:10px;line-height:150%;padding-right:20px;padding-bottom:20px;padding-left:20px;text-align:left;&quot; valign=&quot;top&quot;&gt;&lt;a href=&quot;*|UNSUB|*&quot; style=&quot;-webkit-text-size-adjust:100%;-ms-text-size-adjust:100%;color:#606060;font-weight:normal;text-decoration:underline;&quot;&gt;unsubscribe from this list&lt;/a&gt;&amp;nbsp;&amp;nbsp;&amp;nbsp;&lt;a href=&quot;*|UPDATE_PROFILE|*&quot; style=&quot;-webkit-text-size-adjust:100%;-ms-text-size-adjust:100%;color:#606060;font-weight:normal;text-decoration:underline;&quot;&gt;update subscription preferences&lt;/a&gt;&amp;nbsp;&lt;/td&gt;\n								&lt;/tr&gt;\n							&lt;/tbody&gt;\n						&lt;/table&gt;\n						&lt;/td&gt;\n					&lt;/tr&gt;\n				&lt;/tbody&gt;\n			&lt;/table&gt;\n			&lt;/td&gt;\n		&lt;/tr&gt;\n	&lt;/tbody&gt;\n&lt;/table&gt;\n&lt;/center&gt;\n&lt;/section&gt;&lt;/div&gt;\n&lt;/div&gt;&lt;/section&gt;', 1, 1, 0, 0, 1, 2),
(16, 61, 'Main', 'Main', '&lt;section&gt;&lt;div class=&quot;container&quot;&gt;\n&lt;div class=&quot;row&quot;&gt;\n&lt;div class=&quot;col-sm-12&quot; data-type=&quot;container-content&quot;&gt;\n&lt;section data-type=&quot;component-ckeditor&quot;&gt;&lt;div class=&quot;jumbotron&quot;&gt;\n&lt;h1&gt;This page requires a password!&lt;/h1&gt;\n\n&lt;form ng-controller=&quot;FormPassword&quot; ng-submit=&quot;submit(''*|PostedUrl|*'')&quot;&gt;\n&lt;p&gt;Url:&amp;nbsp;&lt;span&gt;&lt;a href=&quot;*|PostedUrl|*&quot;&gt;*|PostedUrl|*&lt;/a&gt;&lt;/span&gt;&lt;/p&gt;\n\n&lt;p&gt;&amp;nbsp;&lt;/p&gt;\n\n&lt;div class=&quot;input-group&quot;&gt;&lt;input class=&quot;form-control&quot; ng-model=&quot;data.InputPassword&quot; placeholder=&quot;Please type the password to continue.&quot; type=&quot;password&quot;&gt;\n&lt;div class=&quot;input-group-btn&quot;&gt;&lt;button class=&quot;btn btn-default&quot; ng-click=&quot;PostPassword&quot; type=&quot;submit&quot;&gt;&lt;i class=&quot;glyphicon glyphicon-log-in&quot;&gt;&lt;/i&gt;&lt;/button&gt;&lt;/div&gt;\n&lt;/div&gt;\n&lt;/form&gt;\n&lt;/div&gt;\n&lt;/section&gt;&lt;/div&gt;\n&lt;/div&gt;\n&lt;/div&gt;&lt;/section&gt;', 0, 0, 0, 0, 1, 2),
(17, 59, 'Main', 'Test', '', 0, 0, 0, 0, 1, 2),
(18, 64, 'test6', 'test6', '', 0, 0, 0, 0, 1, 2);
INSERT INTO `FunctionStage` (`FunctionStageId`, `FunctionId`, `StageName`, `StageDescription`, `Content`, `HideNavigationBar`, `HideFooter`, `NavbarTransparent`, `NavbarConfig`, `LanguageId`, `CreatedBy`) VALUES
(19, 69, 'Main', 'Expected Document', '&lt;section&gt;&lt;div class=&quot;container&quot;&gt;\n&lt;div class=&quot;row&quot;&gt;\n&lt;div class=&quot;col-sm-12&quot; data-type=&quot;container-content&quot;&gt;\n&lt;section data-type=&quot;component-text&quot;&gt;&lt;div class=&quot;jumbotron&quot;&gt;\n&lt;h1&gt;Expected Document!&lt;/h1&gt;\n\n&lt;div&gt;Created By: &lt;span style=&quot;font-family:Arial,Helvetica,sans-serif;&quot;&gt;Nguy&ecirc;n Minh Hoang - V1.0&lt;/span&gt;&lt;/div&gt;\n&lt;/div&gt;\n&lt;/section&gt;&lt;section data-type=&quot;component-ckeditor&quot;&gt;&lt;p&gt;&lt;span&gt;&lt;/span&gt;&lt;/p&gt;\n\n&lt;p&gt;&lt;meta charset=&quot;utf-8&quot;&gt;&lt;/p&gt;\n\n&lt;p dir=&quot;ltr&quot;&gt;&amp;nbsp;&lt;/p&gt;\n\n&lt;p dir=&quot;ltr&quot;&gt;&lt;meta charset=&quot;utf-8&quot;&gt;&lt;/p&gt;\n\n&lt;h1 dir=&quot;ltr&quot; style=&quot;text-align: center;&quot;&gt;&lt;span style=&quot;color:#e74c3c;&quot;&gt;&lt;b id=&quot;docs-internal-guid-4c317f51-c195-616e-8637-ab3e7ba73797&quot;&gt;Confidentiality Agreement&lt;/b&gt;&lt;/span&gt;&lt;/h1&gt;\n\n&lt;p dir=&quot;ltr&quot;&gt;&lt;span style=&quot;color:#e74c3c;&quot;&gt;&lt;/span&gt;&lt;/p&gt;\n\n&lt;p dir=&quot;ltr&quot;&gt;&lt;span style=&quot;color:#e74c3c;&quot;&gt;&lt;b id=&quot;docs-internal-guid-4c317f51-c194-ffaa-bb02-4fb00290e4f0&quot;&gt;The reader acknowledges that the information provided by HnA in this &lt;/b&gt;&lt;span style=&quot;color:#e74c3c;&quot;&gt;&lt;b id=&quot;docs-internal-guid-4c317f51-c194-ffaa-bb02-4fb00290e4f0&quot;&gt;expected software document&lt;/b&gt;&lt;/span&gt;&lt;b&gt; is confidential; therefore, reader agrees not to disclose it without the express written permission of HnA.&lt;/b&gt;&lt;/span&gt;&lt;span style=&quot;color:#e74c3c;&quot;&gt;&lt;/span&gt;&lt;/p&gt;\n\n&lt;p dir=&quot;ltr&quot;&gt;&lt;span style=&quot;color:#e74c3c;&quot;&gt;&lt;b id=&quot;docs-internal-guid-4c317f51-c194-ffaa-bb02-4fb00290e4f0&quot;&gt;It is acknowledged by reader that information to be furnished in this&amp;nbsp;&lt;/b&gt;&lt;span style=&quot;color:#e74c3c;&quot;&gt;&lt;span style=&quot;color:#e74c3c;&quot;&gt;&lt;b id=&quot;docs-internal-guid-4c317f51-c194-ffaa-bb02-4fb00290e4f0&quot;&gt;expected software document&lt;/b&gt;&lt;/span&gt;&lt;/span&gt;&lt;b&gt; is in all respects confidential in nature, other than information which is in the public domain through other means and that any disclosure or use of same by reader, may cause serious harm or damage to HnA.&amp;nbsp;&lt;/b&gt;&lt;/span&gt;&lt;span style=&quot;color:#e74c3c;&quot;&gt;&lt;b&gt;Depending on the damage will be compensated by law.&lt;/b&gt;&lt;/span&gt;&lt;span style=&quot;color:#e74c3c;&quot;&gt;&lt;/span&gt;&lt;/p&gt;\n\n&lt;p dir=&quot;ltr&quot;&gt;&lt;span style=&quot;color:#e74c3c;&quot;&gt;&lt;b id=&quot;docs-internal-guid-4c317f51-c194-ffaa-bb02-4fb00290e4f0&quot;&gt;Upon request, this document is to be immediately returned to HnA&lt;/b&gt;&lt;b&gt;.&lt;/b&gt;&lt;/span&gt;&lt;span style=&quot;color:#e74c3c;&quot;&gt;&lt;/span&gt;&lt;/p&gt;\n\n&lt;p dir=&quot;ltr&quot;&gt;&lt;span style=&quot;color:#e74c3c;&quot;&gt;&lt;b id=&quot;docs-internal-guid-4c317f51-c194-ffaa-bb02-4fb00290e4f0&quot;&gt;Nguyen Minh Hoang - CEO&lt;/b&gt;&lt;/span&gt;&lt;/p&gt;\n\n&lt;p dir=&quot;ltr&quot;&gt;&lt;span style=&quot;color:#e74c3c;&quot;&gt;&lt;b id=&quot;docs-internal-guid-4c317f51-c194-ffaa-bb02-4fb00290e4f0&quot;&gt;1/8/2017&lt;/b&gt;&lt;/span&gt;&lt;/p&gt;\n\n&lt;p dir=&quot;ltr&quot;&gt;&lt;span style=&quot;color:#e74c3c;&quot;&gt;&lt;b id=&quot;docs-internal-guid-4c317f51-c194-ffaa-bb02-4fb00290e4f0&quot;&gt;This is an expected software document. It does not imply an offering of securities.&lt;/b&gt;&lt;/span&gt;&lt;/p&gt;\n\n&lt;p&gt;&amp;nbsp;&lt;/p&gt;\n\n&lt;p&gt;&lt;span style=&quot;color:#e74c3c;&quot;&gt;&lt;/span&gt;&lt;/p&gt;\n\n&lt;p dir=&quot;ltr&quot;&gt;&amp;nbsp;&lt;/p&gt;\n\n&lt;p&gt;&lt;span&gt;&lt;/span&gt;&lt;/p&gt;\n&lt;/section&gt;&lt;section data-type=&quot;component-breakline&quot;&gt;&lt;div&gt;\n&lt;hr&gt;\n&lt;/div&gt;&lt;/section&gt;&lt;section data-type=&quot;component-ckeditor&quot;&gt;&lt;h1 style=&quot;text-align: center;&quot;&gt;&lt;span style=&quot;color:#e74c3c;&quot;&gt;&lt;b&gt;Tha thun bo mt&lt;/b&gt;&lt;/span&gt;&lt;/h1&gt;\n\n&lt;div&gt;&lt;span style=&quot;color:#e74c3c;&quot;&gt;&lt;b&gt;Ngi c tha nhn rng th&ocirc;ng tin do HnA cung cp trong t&agrave;i liu phn mm d kin n&agrave;y l&agrave; b&iacute; mt; do &oacute;, ngi c ng &yacute; kh&ocirc;ng tit l n&oacute; nu kh&ocirc;ng c&oacute; s cho ph&eacute;p bng vn bn ca HnA.&lt;/b&gt;&lt;/span&gt;&lt;/div&gt;\n\n&lt;p&gt;&amp;nbsp;&lt;/p&gt;\n\n&lt;div&gt;&lt;span style=&quot;color:#e74c3c;&quot;&gt;&lt;b&gt;Ngi &lt;/b&gt;&lt;span style=&quot;color:#e74c3c;&quot;&gt;&lt;b&gt;c&amp;nbsp;&lt;/b&gt;&lt;/span&gt;&lt;b&gt;tha nhn th&ocirc;ng tin &oacute; phi c cung cp trong &lt;/b&gt;&lt;span style=&quot;color:#e74c3c;&quot;&gt;&lt;b&gt;t&agrave;i liu phn mm d kin&lt;/b&gt;&lt;/span&gt;&lt;b&gt; n&agrave;y trong tt c c&aacute;c kh&iacute;a cnh c&oacute; t&iacute;nh cht b&iacute; mt, ngo&agrave;i c&aacute;c th&ocirc;ng tin thuc phm vi c&ocirc;ng cng th&ocirc;ng qua c&aacute;c phng tin kh&aacute;c v&agrave; rng vic tit l hoc s dng c&ugrave;ng mt ngi c c&oacute; th g&acirc;y ra thit hi nghi&ecirc;m trng hoc thit hi cho HnA.&amp;nbsp;&lt;/b&gt;&lt;/span&gt;&lt;span style=&quot;color:#e74c3c;&quot;&gt;&lt;b&gt;Tuy theo mc thi&ecirc;t hai&lt;/b&gt;&lt;/span&gt;&lt;span style=&quot;color:#e74c3c;&quot;&gt;&lt;b&gt;&amp;nbsp;se chiu b&ocirc;i thng theo phap lu&acirc;t.&lt;/b&gt;&lt;/span&gt;&lt;/div&gt;\n\n&lt;p&gt;&amp;nbsp;&lt;/p&gt;\n\n&lt;div&gt;&lt;span style=&quot;color:#e74c3c;&quot;&gt;&lt;b&gt;Theo y&ecirc;u cu, t&agrave;i liu n&agrave;y s c ho&agrave;n tr ngay lp tc cho HnA.&lt;/b&gt;&lt;/span&gt;&lt;/div&gt;\n\n&lt;p&gt;&amp;nbsp;&lt;/p&gt;\n\n&lt;div&gt;&lt;span style=&quot;color:#e74c3c;&quot;&gt;&lt;b&gt;Nguyn Minh Ho&agrave;ng - CEO&lt;/b&gt;&lt;/span&gt;&lt;/div&gt;\n\n&lt;div&gt;&lt;span style=&quot;color:#e74c3c;&quot;&gt;&lt;b&gt;1/8/2017&lt;/b&gt;&lt;/span&gt;&lt;/div&gt;\n\n&lt;p&gt;&amp;nbsp;&lt;/p&gt;\n\n&lt;div&gt;&lt;span style=&quot;color:#e74c3c;&quot;&gt;&lt;b&gt;&acirc;y l&agrave; mt t&agrave;i liu phn mm mong i. N&oacute; kh&ocirc;ng ng &yacute; cung cp chng kho&aacute;n.&lt;/b&gt;&lt;/span&gt;&lt;/div&gt;\n&lt;/section&gt;&lt;section data-type=&quot;component-breakline&quot;&gt;&lt;div&gt;\n&lt;hr&gt;\n&lt;/div&gt;&lt;/section&gt;&lt;section data-type=&quot;component-ckeditor&quot;&gt;&lt;p&gt;&lt;span&gt;&lt;meta charset=&quot;utf-8&quot;&gt;&lt;/span&gt;&lt;/p&gt;\n\n&lt;h1 dir=&quot;ltr&quot; style=&quot;text-align: center;&quot;&gt;&lt;span style=&quot;font-size:36px;&quot;&gt;&lt;strong&gt;&lt;span style=&quot;font-family:Times New Roman,Times,serif;&quot;&gt;Tai li&ecirc;u&amp;nbsp;v&ecirc; app&lt;/span&gt;&lt;/strong&gt;&lt;/span&gt;&lt;/h1&gt;\n\n&lt;p dir=&quot;ltr&quot;&gt;&amp;nbsp;&lt;/p&gt;\n\n&lt;p&gt;&lt;span style=&quot;font-family:Times New Roman,Times,serif;&quot;&gt;&lt;/span&gt;&lt;/p&gt;\n\n&lt;h2 dir=&quot;ltr&quot;&gt;&lt;span style=&quot;font-family:Times New Roman,Times,serif;&quot;&gt;&lt;b id=&quot;docs-internal-guid-679ff2b9-b9c0-7f99-36f0-25f890c2fd5e&quot;&gt;Th&ocirc;ng Tin T&ocirc;ng Quat:&lt;/b&gt;&lt;/span&gt;&lt;/h2&gt;\n\n&lt;ol&gt;\n	&lt;li dir=&quot;ltr&quot;&gt;\n	&lt;h3 dir=&quot;ltr&quot;&gt;&lt;span style=&quot;font-family:Times New Roman,Times,serif;&quot;&gt;&lt;b id=&quot;docs-internal-guid-679ff2b9-b9c0-7f99-36f0-25f890c2fd5e&quot;&gt;Nhng b&ecirc;n li&ecirc;n quan:&lt;/b&gt;&lt;/span&gt;&lt;/h3&gt;\n\n	&lt;ol&gt;\n		&lt;li&gt;\n		&lt;h4 dir=&quot;ltr&quot;&gt;&lt;span style=&quot;font-family:Times New Roman,Times,serif;&quot;&gt;&lt;b id=&quot;docs-internal-guid-679ff2b9-b9c0-7f99-36f0-25f890c2fd5e&quot;&gt;Tac gia:&lt;/b&gt;&lt;/span&gt;&lt;/h4&gt;\n\n		&lt;ol&gt;\n			&lt;li&gt;\n			&lt;h5 dir=&quot;ltr&quot;&gt;&lt;span style=&quot;font-family:Times New Roman,Times,serif;&quot;&gt;&lt;b id=&quot;docs-internal-guid-679ff2b9-b9c0-7f99-36f0-25f890c2fd5e&quot;&gt;Tac gia 1:&lt;/b&gt;&lt;/span&gt;&lt;/h5&gt;\n\n			&lt;ol&gt;\n				&lt;li&gt;\n				&lt;p dir=&quot;ltr&quot;&gt;&lt;span style=&quot;font-family:Times New Roman,Times,serif;&quot;&gt;&lt;b id=&quot;docs-internal-guid-679ff2b9-b9c0-7f99-36f0-25f890c2fd5e&quot;&gt;T&ecirc;n: Nguy&ecirc;n Minh Hoang&lt;/b&gt;&lt;/span&gt;&lt;/p&gt;\n				&lt;/li&gt;\n				&lt;li&gt;\n				&lt;p dir=&quot;ltr&quot;&gt;&lt;span style=&quot;font-family:Times New Roman,Times,serif;&quot;&gt;&lt;b id=&quot;docs-internal-guid-679ff2b9-b9c0-7f99-36f0-25f890c2fd5e&quot;&gt;S&ocirc; i&ecirc;n Thoai: 0868 051 858&lt;/b&gt;&lt;/span&gt;&lt;/p&gt;\n				&lt;/li&gt;\n				&lt;li&gt;\n				&lt;p dir=&quot;ltr&quot;&gt;&lt;span style=&quot;font-family:Times New Roman,Times,serif;&quot;&gt;&lt;b id=&quot;docs-internal-guid-679ff2b9-b9c0-7f99-36f0-25f890c2fd5e&quot;&gt;Vi tri trong d an: Project Manager&lt;/b&gt;&lt;/span&gt;&lt;/p&gt;\n				&lt;/li&gt;\n			&lt;/ol&gt;\n			&lt;/li&gt;\n		&lt;/ol&gt;\n		&lt;/li&gt;\n		&lt;li&gt;\n		&lt;h4 dir=&quot;ltr&quot;&gt;&lt;span style=&quot;font-family:Times New Roman,Times,serif;&quot;&gt;&lt;b id=&quot;docs-internal-guid-679ff2b9-b9c0-7f99-36f0-25f890c2fd5e&quot;&gt;Ngi s dung chinh:&lt;/b&gt;&lt;/span&gt;&lt;/h4&gt;\n\n		&lt;ol&gt;\n			&lt;li&gt;\n			&lt;h5 dir=&quot;ltr&quot;&gt;&lt;span style=&quot;font-family:Times New Roman,Times,serif;&quot;&gt;&lt;b id=&quot;docs-internal-guid-679ff2b9-b9c0-7f99-36f0-25f890c2fd5e&quot;&gt;Ngi s&ocirc; 1:&lt;/b&gt;&lt;/span&gt;&lt;/h5&gt;\n\n			&lt;ol&gt;\n				&lt;li&gt;\n				&lt;p dir=&quot;ltr&quot;&gt;&lt;span style=&quot;font-family:Times New Roman,Times,serif;&quot;&gt;&lt;b id=&quot;docs-internal-guid-679ff2b9-b9c0-7f99-36f0-25f890c2fd5e&quot;&gt;T&ecirc;n: &lt;/b&gt;&lt;span style=&quot;font-family:Times New Roman,Times,serif;&quot;&gt;&lt;b id=&quot;docs-internal-guid-679ff2b9-b9c0-7f99-36f0-25f890c2fd5e&quot;&gt;Nguy&ecirc;n Minh Hoang&lt;/b&gt;&lt;/span&gt;&lt;/span&gt;&lt;/p&gt;\n				&lt;/li&gt;\n				&lt;li&gt;\n				&lt;p dir=&quot;ltr&quot;&gt;&lt;span style=&quot;font-family:Times New Roman,Times,serif;&quot;&gt;&lt;b id=&quot;docs-internal-guid-679ff2b9-b9c0-7f99-36f0-25f890c2fd5e&quot;&gt;S&ocirc; i&ecirc;n Thoai:&amp;nbsp;&lt;/b&gt;&lt;span style=&quot;font-family:Times New Roman,Times,serif;&quot;&gt;&lt;b id=&quot;docs-internal-guid-679ff2b9-b9c0-7f99-36f0-25f890c2fd5e&quot;&gt;0868 051 858&lt;/b&gt;&lt;/span&gt;&lt;/span&gt;&lt;/p&gt;\n				&lt;/li&gt;\n				&lt;li&gt;\n				&lt;p dir=&quot;ltr&quot;&gt;&lt;span style=&quot;font-family:Times New Roman,Times,serif;&quot;&gt;&lt;b id=&quot;docs-internal-guid-679ff2b9-b9c0-7f99-36f0-25f890c2fd5e&quot;&gt;Vi tri trong d an:&amp;nbsp;&lt;/b&gt;&lt;span style=&quot;font-family:Times New Roman,Times,serif;&quot;&gt;&lt;b id=&quot;docs-internal-guid-679ff2b9-b9c0-7f99-36f0-25f890c2fd5e&quot;&gt;CEO&lt;/b&gt;&lt;/span&gt;&lt;/span&gt;&lt;/p&gt;\n				&lt;/li&gt;\n			&lt;/ol&gt;\n			&lt;/li&gt;\n		&lt;/ol&gt;\n		&lt;/li&gt;\n		&lt;li&gt;\n		&lt;h4 dir=&quot;ltr&quot;&gt;&lt;span style=&quot;font-family:Times New Roman,Times,serif;&quot;&gt;&lt;b id=&quot;docs-internal-guid-679ff2b9-b9c0-7f99-36f0-25f890c2fd5e&quot;&gt;Ngi trong nhom IT:&lt;/b&gt;&lt;/span&gt;&lt;/h4&gt;\n\n		&lt;ol&gt;\n			&lt;li&gt;\n			&lt;h5 dir=&quot;ltr&quot;&gt;&lt;span style=&quot;font-family:Times New Roman,Times,serif;&quot;&gt;&lt;b id=&quot;docs-internal-guid-679ff2b9-b9c0-7f99-36f0-25f890c2fd5e&quot;&gt;Nhom 1:&lt;/b&gt;&lt;/span&gt;&lt;/h5&gt;\n\n			&lt;ol&gt;\n				&lt;li&gt;\n				&lt;p dir=&quot;ltr&quot;&gt;&lt;span style=&quot;font-family:Times New Roman,Times,serif;&quot;&gt;&lt;b id=&quot;docs-internal-guid-679ff2b9-b9c0-7f99-36f0-25f890c2fd5e&quot;&gt;T&ecirc;n lanh ao nhom:&lt;/b&gt;&lt;/span&gt;&lt;/p&gt;\n				&lt;/li&gt;\n				&lt;li&gt;\n				&lt;p dir=&quot;ltr&quot;&gt;&lt;span style=&quot;font-family:Times New Roman,Times,serif;&quot;&gt;&lt;b id=&quot;docs-internal-guid-679ff2b9-b9c0-7f99-36f0-25f890c2fd5e&quot;&gt;S&ocirc; i&ecirc;n Thoai:&lt;/b&gt;&lt;/span&gt;&lt;/p&gt;\n				&lt;/li&gt;\n				&lt;li&gt;\n				&lt;p dir=&quot;ltr&quot;&gt;&lt;span style=&quot;font-family:Times New Roman,Times,serif;&quot;&gt;&lt;b id=&quot;docs-internal-guid-679ff2b9-b9c0-7f99-36f0-25f890c2fd5e&quot;&gt;Vi tri trong d an:&lt;/b&gt;&lt;/span&gt;&lt;/p&gt;\n				&lt;/li&gt;\n			&lt;/ol&gt;\n			&lt;/li&gt;\n		&lt;/ol&gt;\n		&lt;/li&gt;\n		&lt;li&gt;\n		&lt;h4 dir=&quot;ltr&quot;&gt;&lt;span style=&quot;font-family:Times New Roman,Times,serif;&quot;&gt;&lt;b id=&quot;docs-internal-guid-679ff2b9-b9c0-7f99-36f0-25f890c2fd5e&quot;&gt;Th&ocirc;ng tin c&ocirc;ng ty:&lt;/b&gt;&lt;/span&gt;&lt;/h4&gt;\n\n		&lt;ol&gt;\n			&lt;li&gt;\n			&lt;p dir=&quot;ltr&quot;&gt;&lt;span style=&quot;font-family:Times New Roman,Times,serif;&quot;&gt;&lt;b id=&quot;docs-internal-guid-679ff2b9-b9c0-7f99-36f0-25f890c2fd5e&quot;&gt;T&ecirc;n C&ocirc;ng Ty: HnA&lt;/b&gt;&lt;/span&gt;&lt;/p&gt;\n			&lt;/li&gt;\n			&lt;li&gt;\n			&lt;p dir=&quot;ltr&quot;&gt;&lt;span style=&quot;font-family:Times New Roman,Times,serif;&quot;&gt;&lt;b id=&quot;docs-internal-guid-679ff2b9-b9c0-7f99-36f0-25f890c2fd5e&quot;&gt;S&ocirc; i&ecirc;n Thoai: 0868 051 858&lt;/b&gt;&lt;/span&gt;&lt;/p&gt;\n			&lt;/li&gt;\n			&lt;li&gt;\n			&lt;p dir=&quot;ltr&quot;&gt;&lt;span style=&quot;font-family:Times New Roman,Times,serif;&quot;&gt;&lt;b id=&quot;docs-internal-guid-679ff2b9-b9c0-7f99-36f0-25f890c2fd5e&quot;&gt;ia chi: 85/95 Pham Vi&ecirc;t Chanh, F19, Qu&acirc;n Binh Thanh, TP.HCM&lt;/b&gt;&lt;/span&gt;&lt;/p&gt;\n			&lt;/li&gt;\n		&lt;/ol&gt;\n		&lt;/li&gt;\n	&lt;/ol&gt;\n	&lt;/li&gt;\n	&lt;li dir=&quot;ltr&quot;&gt;\n	&lt;h3 dir=&quot;ltr&quot;&gt;&lt;span style=&quot;font-family:Times New Roman,Times,serif;&quot;&gt;&lt;b id=&quot;docs-internal-guid-679ff2b9-b9c0-7f99-36f0-25f890c2fd5e&quot;&gt;Th&ocirc;ng tin v&ecirc; tai li&ecirc;u:&lt;/b&gt;&lt;/span&gt;&lt;/h3&gt;\n\n	&lt;ol&gt;\n		&lt;li&gt;\n		&lt;p dir=&quot;ltr&quot;&gt;&lt;span style=&quot;font-family:Times New Roman,Times,serif;&quot;&gt;&lt;b id=&quot;docs-internal-guid-679ff2b9-b9c0-7f99-36f0-25f890c2fd5e&quot;&gt;c tao ngay: 25-09-2017&lt;/b&gt;&lt;/span&gt;&lt;/p&gt;\n		&lt;/li&gt;\n		&lt;li&gt;\n		&lt;p dir=&quot;ltr&quot;&gt;&lt;span style=&quot;font-family:Times New Roman,Times,serif;&quot;&gt;&lt;b id=&quot;docs-internal-guid-679ff2b9-b9c0-7f99-36f0-25f890c2fd5e&quot;&gt;Tai Nc: Viet Nam&lt;/b&gt;&lt;/span&gt;&lt;/p&gt;\n		&lt;/li&gt;\n		&lt;li&gt;\n		&lt;p dir=&quot;ltr&quot;&gt;&lt;span style=&quot;font-family:Times New Roman,Times,serif;&quot;&gt;&lt;b id=&quot;docs-internal-guid-679ff2b9-b9c0-7f99-36f0-25f890c2fd5e&quot;&gt;Loai Tai Li&ecirc;u: &amp;nbsp;Product Requirement Document (PRD)&lt;/b&gt;&lt;/span&gt;&lt;/p&gt;\n		&lt;/li&gt;\n		&lt;li&gt;\n		&lt;p dir=&quot;ltr&quot;&gt;&lt;span style=&quot;font-family:Times New Roman,Times,serif;&quot;&gt;&lt;b&gt;Lu hanh: n&ocirc;i b&ocirc;&lt;/b&gt;&lt;/span&gt;&lt;/p&gt;\n		&lt;/li&gt;\n		&lt;li&gt;\n		&lt;p dir=&quot;ltr&quot;&gt;&lt;span style=&quot;font-family:Times New Roman,Times,serif;&quot;&gt;&lt;b id=&quot;docs-internal-guid-679ff2b9-b9c0-7f99-36f0-25f890c2fd5e&quot;&gt;Sprint No: #1&lt;/b&gt;&lt;/span&gt;&lt;/p&gt;\n		&lt;/li&gt;\n		&lt;li&gt;\n		&lt;p dir=&quot;ltr&quot;&gt;&lt;span style=&quot;font-family:Times New Roman,Times,serif;&quot;&gt;&lt;b id=&quot;docs-internal-guid-679ff2b9-b9c0-7f99-36f0-25f890c2fd5e&quot;&gt;Version: 1.0&lt;/b&gt;&lt;/span&gt;&lt;/p&gt;\n		&lt;/li&gt;\n	&lt;/ol&gt;\n	&lt;/li&gt;\n	&lt;li dir=&quot;ltr&quot;&gt;\n	&lt;h3 dir=&quot;ltr&quot;&gt;&lt;span style=&quot;font-family:Times New Roman,Times,serif;&quot;&gt;&lt;b id=&quot;docs-internal-guid-679ff2b9-b9c0-7f99-36f0-25f890c2fd5e&quot;&gt;Cach thc hoat &ocirc;ng:&lt;/b&gt;&lt;/span&gt;&lt;/h3&gt;\n\n	&lt;ol&gt;\n		&lt;li&gt;\n		&lt;p dir=&quot;ltr&quot;&gt;&lt;span style=&quot;font-family:Times New Roman,Times,serif;&quot;&gt;&lt;b id=&quot;docs-internal-guid-679ff2b9-b9c0-7f99-36f0-25f890c2fd5e&quot;&gt;Cach thc: SCRUM AGILE&lt;/b&gt;&lt;/span&gt;&lt;/p&gt;\n		&lt;/li&gt;\n		&lt;li&gt;\n		&lt;p dir=&quot;ltr&quot;&gt;&lt;span style=&quot;font-family:Times New Roman,Times,serif;&quot;&gt;&lt;b id=&quot;docs-internal-guid-679ff2b9-b9c0-7f99-36f0-25f890c2fd5e&quot;&gt;Thi gian Sprint: Weekly&lt;/b&gt;&lt;/span&gt;&lt;/p&gt;\n		&lt;/li&gt;\n		&lt;li&gt;\n		&lt;p dir=&quot;ltr&quot;&gt;&lt;span style=&quot;font-family:Times New Roman,Times,serif;&quot;&gt;&lt;b id=&quot;docs-internal-guid-679ff2b9-b9c0-7f99-36f0-25f890c2fd5e&quot;&gt;Thi gian c&acirc;p nh&acirc;t: Weekly&lt;/b&gt;&lt;/span&gt;&lt;/p&gt;\n		&lt;/li&gt;\n		&lt;li&gt;\n		&lt;p dir=&quot;ltr&quot;&gt;&lt;span style=&quot;font-family:Times New Roman,Times,serif;&quot;&gt;&lt;b id=&quot;docs-internal-guid-679ff2b9-b9c0-7f99-36f0-25f890c2fd5e&quot;&gt;Ngay bt &acirc;u d an:&lt;/b&gt;&lt;/span&gt;&lt;/p&gt;\n		&lt;/li&gt;\n		&lt;li&gt;\n		&lt;p dir=&quot;ltr&quot;&gt;&lt;span style=&quot;font-family:Times New Roman,Times,serif;&quot;&gt;&lt;b id=&quot;docs-internal-guid-679ff2b9-b9c0-7f99-36f0-25f890c2fd5e&quot;&gt;Ngay k&ecirc;t thc d an:&lt;/b&gt;&lt;/span&gt;&lt;/p&gt;\n		&lt;/li&gt;\n	&lt;/ol&gt;\n	&lt;/li&gt;\n&lt;/ol&gt;\n\n&lt;p&gt;&lt;span&gt;&lt;/span&gt;&lt;/p&gt;\n&lt;/section&gt;&lt;section data-type=&quot;component-breakline&quot;&gt;&lt;div&gt;\n&lt;br&gt;\n&lt;/div&gt;&lt;/section&gt;&lt;section data-type=&quot;component-ckeditor&quot;&gt;&lt;p&gt;&lt;span&gt;&lt;meta charset=&quot;utf-8&quot;&gt;&lt;/span&gt;&lt;/p&gt;\n\n&lt;h2 dir=&quot;ltr&quot;&gt;&lt;span style=&quot;font-family:Times New Roman,Times,serif;&quot;&gt;&lt;b id=&quot;docs-internal-guid-d6a8ed0d-b9d7-8664-ed9d-f43b47a7ba2e&quot;&gt;Gii Thi&ecirc;u:&lt;/b&gt;&lt;/span&gt;&lt;/h2&gt;\n\n&lt;ol&gt;\n	&lt;li dir=&quot;ltr&quot;&gt;\n	&lt;h3 dir=&quot;ltr&quot;&gt;&lt;span style=&quot;font-family:Times New Roman,Times,serif;&quot;&gt;&lt;b id=&quot;docs-internal-guid-d6a8ed0d-b9d7-8664-ed9d-f43b47a7ba2e&quot;&gt;Muc ich:&amp;nbsp;&lt;/b&gt;&lt;/span&gt;&lt;/h3&gt;\n\n	&lt;ul&gt;\n		&lt;li&gt;\n		&lt;p&gt;&lt;span style=&quot;font-family:Times New Roman,Times,serif;&quot;&gt;&lt;b&gt;Tai li&ecirc;u nay c vi&ecirc;t nhm muc ich truy&ecirc;n at &ecirc;n ngi s dung chinh cua h&ecirc; th&ocirc;ng va nhom IT v&ecirc; nhng &lt;/b&gt;&lt;meta charset=&quot;utf-8&quot;&gt;&lt;b id=&quot;docs-internal-guid-c6ec7928-c140-4ad0-496a-abe0a0bbaea5&quot;&gt;s tho cua h thng qun l&yacute; vn h&agrave;nh cho LandGrind.&lt;/b&gt;&lt;/span&gt;&lt;/p&gt;\n		&lt;/li&gt;\n		&lt;li&gt;\n		&lt;p&gt;&lt;span style=&quot;font-family:Times New Roman,Times,serif;&quot;&gt;&lt;b&gt;Muc ich cua san ph&acirc;m nay trong V1.0:&amp;nbsp;&lt;/b&gt;&lt;b&gt;la Prototype &ecirc; k&ecirc;u goi v&ocirc;n &acirc;u t.&lt;/b&gt;&lt;/span&gt;&lt;/p&gt;\n		&lt;/li&gt;\n		&lt;li&gt;\n		&lt;p&gt;&lt;span style=&quot;font-family:Times New Roman,Times,serif;&quot;&gt;&lt;b&gt;La san ph&acirc;m th nghi&ecirc;m &ecirc; a ra thi trng&lt;/b&gt;&lt;/span&gt;&lt;/p&gt;\n		&lt;/li&gt;\n	&lt;/ul&gt;\n	&lt;/li&gt;\n	&lt;li dir=&quot;ltr&quot;&gt;\n	&lt;h3 dir=&quot;ltr&quot;&gt;&lt;span style=&quot;font-family:Times New Roman,Times,serif;&quot;&gt;&lt;b id=&quot;docs-internal-guid-d6a8ed0d-b9d7-8664-ed9d-f43b47a7ba2e&quot;&gt;T&ocirc;ng quan:&lt;/b&gt;&lt;/span&gt;&lt;span style=&quot;font-family:Times New Roman,Times,serif;&quot;&gt;&lt;/span&gt;&lt;/h3&gt;\n\n	&lt;ul&gt;\n		&lt;li&gt;\n		&lt;p dir=&quot;ltr&quot;&gt;&lt;span style=&quot;font-family:Times New Roman,Times,serif;&quot;&gt;&lt;b&gt;H&ecirc; th&ocirc;ng framework cua Codeasy la m&ocirc;t h&ecirc; th&ocirc;ng Hybrid CMS vi&ecirc;t tr&ecirc;n n&ecirc;n tang MVC, bng ng&ocirc;n ng l&acirc;p trinh PHP.&amp;nbsp;&lt;/b&gt;&lt;/span&gt;&lt;/p&gt;\n		&lt;/li&gt;\n		&lt;li&gt;\n		&lt;p dir=&quot;ltr&quot;&gt;&lt;span style=&quot;font-family:Times New Roman,Times,serif;&quot;&gt;&lt;b&gt;H thng bao gm c&aacute;c th&agrave;nh phn ch&iacute;nh sau &acirc;y cn phi c ph&aacute;t trin &atilde; thit k v&agrave; t&iacute;ch hp cho mt tri nghim thng nht:&lt;/b&gt;&lt;/span&gt;&lt;/p&gt;\n		&lt;/li&gt;\n		&lt;li&gt;\n		&lt;p&gt;&lt;span style=&quot;font-family:Times New Roman,Times,serif;&quot;&gt;&lt;b&gt;N&ecirc;n tang: Website, Mobile App, Desktop App&lt;/b&gt;&lt;/span&gt;&lt;/p&gt;\n		&lt;/li&gt;\n		&lt;li&gt;\n		&lt;p&gt;&lt;span style=&quot;font-family:Times New Roman,Times,serif;&quot;&gt;&lt;b&gt;Ng&ocirc;n ng l&acirc;p trinh: &lt;/b&gt;&lt;/span&gt;&lt;/p&gt;\n\n		&lt;ul&gt;\n			&lt;li&gt;\n			&lt;p&gt;&lt;span style=&quot;font-family:Times New Roman,Times,serif;&quot;&gt;&lt;b&gt;Front-end:&amp;nbsp;HTML, Jquery, AngularJS, CSS, React Native&lt;/b&gt;&lt;/span&gt;&lt;/p&gt;\n			&lt;/li&gt;\n			&lt;li&gt;\n			&lt;p&gt;&lt;span style=&quot;font-family:Times New Roman,Times,serif;&quot;&gt;&lt;b&gt;Back-end:&amp;nbsp;PHP&lt;/b&gt;&lt;/span&gt;&lt;/p&gt;\n			&lt;/li&gt;\n			&lt;li&gt;\n			&lt;p&gt;&lt;span style=&quot;font-family:Times New Roman,Times,serif;&quot;&gt;&lt;b&gt;Database:&amp;nbsp;MySQL&lt;/b&gt;&lt;/span&gt;&lt;/p&gt;\n			&lt;/li&gt;\n		&lt;/ul&gt;\n		&lt;/li&gt;\n		&lt;li&gt;\n		&lt;p&gt;&lt;span style=&quot;font-family:Times New Roman,Times,serif;&quot;&gt;&lt;b&gt;Phi&ecirc;n ban ng&ocirc;n ng: Ti&ecirc;ng Anh va Ti&ecirc;ng Vi&ecirc;t.&lt;/b&gt;&lt;/span&gt;&lt;/p&gt;\n		&lt;/li&gt;\n		&lt;li&gt;\n		&lt;p&gt;&lt;b&gt;&lt;span style=&quot;font-family:Times New Roman,Times,serif;&quot;&gt;Quan ly Code: Github, GitFlow Framework&lt;/span&gt;&lt;/b&gt;&lt;/p&gt;\n		&lt;/li&gt;\n		&lt;li&gt;\n		&lt;p&gt;&lt;span style=&quot;font-family:Times New Roman,Times,serif;&quot;&gt;&lt;b&gt;Responsive: Co.&lt;/b&gt;&lt;/span&gt;&lt;/p&gt;\n		&lt;/li&gt;\n		&lt;li&gt;\n		&lt;p&gt;&lt;span style=&quot;font-family:Times New Roman,Times,serif;&quot;&gt;&lt;b&gt;H&ocirc; tr thi&ecirc;t bi: T&acirc;t ca.&lt;/b&gt;&lt;/span&gt;&lt;/p&gt;\n		&lt;/li&gt;\n		&lt;li&gt;\n		&lt;p&gt;&lt;span style=&quot;font-family:Times New Roman,Times,serif;&quot;&gt;&lt;b&gt;H&ocirc; tr trinh duy&ecirc;t: T&acirc;t ca.&lt;/b&gt;&lt;/span&gt;&lt;/p&gt;\n		&lt;/li&gt;\n		&lt;li&gt;\n		&lt;p&gt;&lt;span style=&quot;font-family:Times New Roman,Times,serif;&quot;&gt;&lt;b&gt;Bao m&acirc;t: Co.&lt;/b&gt;&lt;/span&gt;&lt;span style=&quot;font-family:Times New Roman,Times,serif;&quot;&gt;&lt;/span&gt;&lt;span style=&quot;font-family:Times New Roman,Times,serif;&quot;&gt;&lt;/span&gt;&lt;/p&gt;\n		&lt;/li&gt;\n	&lt;/ul&gt;\n	&lt;/li&gt;\n	&lt;li dir=&quot;ltr&quot;&gt;\n	&lt;h3 dir=&quot;ltr&quot;&gt;&lt;span style=&quot;font-family:Times New Roman,Times,serif;&quot;&gt;&lt;b id=&quot;docs-internal-guid-d6a8ed0d-b9d7-8664-ed9d-f43b47a7ba2e&quot;&gt;Pham vi anh hng:&lt;/b&gt;&lt;/span&gt;&lt;/h3&gt;\n\n	&lt;ul&gt;\n		&lt;li&gt;\n		&lt;p&gt;&lt;b&gt;&lt;span style=&quot;font-family:Times New Roman,Times,serif;&quot;&gt;Phm vi ca t&agrave;i liu n&agrave;y c gii hn n mt c&aacute;i nh&igrave;n tng quan s b ca&amp;nbsp;c&aacute;c th&agrave;nh phn ch&iacute;nh, chc nng v&agrave; c&aacute;c bc  x&acirc;y dng tng module.&lt;/span&gt;&lt;/b&gt;&lt;/p&gt;\n		&lt;/li&gt;\n	&lt;/ul&gt;\n	&lt;/li&gt;\n	&lt;li dir=&quot;ltr&quot;&gt;\n	&lt;h3 dir=&quot;ltr&quot;&gt;&lt;span style=&quot;font-family:Times New Roman,Times,serif;&quot;&gt;&lt;b id=&quot;docs-internal-guid-d6a8ed0d-b9d7-8664-ed9d-f43b47a7ba2e&quot;&gt;T khoa:&lt;/b&gt;&lt;/span&gt;&lt;/h3&gt;\n	&lt;/li&gt;\n&lt;/ol&gt;\n\n&lt;p&gt;&lt;span&gt;&lt;/span&gt;&lt;/p&gt;\n&lt;/section&gt;&lt;section data-type=&quot;component-breakline&quot;&gt;&lt;div&gt;\n&lt;br&gt;\n&lt;/div&gt;&lt;/section&gt;&lt;section data-type=&quot;component-ckeditor&quot;&gt;&lt;p&gt;&lt;span&gt;&lt;meta charset=&quot;utf-8&quot;&gt;&lt;/span&gt;&lt;/p&gt;\n\n&lt;h2 dir=&quot;ltr&quot;&gt;&lt;span style=&quot;font-family:Times New Roman,Times,serif;&quot;&gt;&lt;b id=&quot;docs-internal-guid-34f8911d-b9d8-148d-9ea0-238e065860ec&quot;&gt;Y&ecirc;u C&acirc;u Cua Module:&lt;/b&gt;&lt;/span&gt;&lt;/h2&gt;\n\n&lt;ul&gt;\n	&lt;li dir=&quot;ltr&quot;&gt;\n	&lt;h3 dir=&quot;ltr&quot;&gt;&lt;span style=&quot;font-family:Times New Roman,Times,serif;&quot;&gt;&lt;b id=&quot;docs-internal-guid-34f8911d-b9d8-148d-9ea0-238e065860ec&quot;&gt;Core: (Cai nay se tng tac trc ti&ecirc;p vi cac modules cua d an)&lt;/b&gt;&lt;/span&gt;&lt;/h3&gt;\n\n	&lt;ol&gt;\n		&lt;li&gt;\n		&lt;h4 dir=&quot;ltr&quot;&gt;&lt;span style=&quot;font-family:Times New Roman,Times,serif;&quot;&gt;&lt;b id=&quot;docs-internal-guid-34f8911d-b9d8-148d-9ea0-238e065860ec&quot;&gt;Th&ocirc;ng Tin:&lt;/b&gt;&lt;/span&gt;&lt;/h4&gt;\n\n		&lt;ol&gt;\n			&lt;li&gt;\n			&lt;p dir=&quot;ltr&quot;&gt;&lt;span style=&quot;font-family:Times New Roman,Times,serif;&quot;&gt;&lt;b id=&quot;docs-internal-guid-34f8911d-b9d8-148d-9ea0-238e065860ec&quot;&gt;Mc &ocirc; u ti&ecirc;n: R&acirc;t cao&lt;/b&gt;&lt;/span&gt;&lt;/p&gt;\n			&lt;/li&gt;\n			&lt;li&gt;\n			&lt;p dir=&quot;ltr&quot;&gt;&lt;span style=&quot;font-family:Times New Roman,Times,serif;&quot;&gt;&lt;b id=&quot;docs-internal-guid-34f8911d-b9d8-148d-9ea0-238e065860ec&quot;&gt;Ngay bt &acirc;u: 29/9/2017&lt;/b&gt;&lt;/span&gt;&lt;/p&gt;\n			&lt;/li&gt;\n			&lt;li&gt;\n			&lt;p dir=&quot;ltr&quot;&gt;&lt;span style=&quot;font-family:Times New Roman,Times,serif;&quot;&gt;&lt;b id=&quot;docs-internal-guid-34f8911d-b9d8-148d-9ea0-238e065860ec&quot;&gt;Ngay k&ecirc;t thuc:&lt;/b&gt;&lt;/span&gt;&lt;/p&gt;\n			&lt;/li&gt;\n			&lt;li&gt;\n			&lt;p dir=&quot;ltr&quot;&gt;&lt;span style=&quot;font-family:Times New Roman,Times,serif;&quot;&gt;&lt;b id=&quot;docs-internal-guid-34f8911d-b9d8-148d-9ea0-238e065860ec&quot;&gt;Sprint c&acirc;p nh&acirc;t cu&ocirc;i cung: 0&lt;/b&gt;&lt;/span&gt;&lt;/p&gt;\n			&lt;/li&gt;\n			&lt;li&gt;\n			&lt;p dir=&quot;ltr&quot;&gt;&lt;span style=&quot;font-family:Times New Roman,Times,serif;&quot;&gt;&lt;b id=&quot;docs-internal-guid-34f8911d-b9d8-148d-9ea0-238e065860ec&quot;&gt;Nhng ngi s dung Module: T&acirc;t ca cac module khac&lt;/b&gt;&lt;/span&gt;&lt;/p&gt;\n			&lt;/li&gt;\n			&lt;li&gt;\n			&lt;p dir=&quot;ltr&quot;&gt;&lt;span style=&quot;font-family:Times New Roman,Times,serif;&quot;&gt;&lt;b id=&quot;docs-internal-guid-34f8911d-b9d8-148d-9ea0-238e065860ec&quot;&gt;Muc ich: La framework t&ocirc;ng &ecirc; sau nay build cac module khac l&ecirc;n&lt;/b&gt;&lt;/span&gt;&lt;/p&gt;\n			&lt;/li&gt;\n			&lt;li&gt;\n			&lt;p dir=&quot;ltr&quot;&gt;&lt;span style=&quot;font-family:Times New Roman,Times,serif;&quot;&gt;&lt;b id=&quot;docs-internal-guid-34f8911d-b9d8-148d-9ea0-238e065860ec&quot;&gt;T khoa: core, framework, mvc, cms.&lt;/b&gt;&lt;/span&gt;&lt;/p&gt;\n			&lt;/li&gt;\n			&lt;li&gt;\n			&lt;p dir=&quot;ltr&quot;&gt;&lt;span style=&quot;font-family:Times New Roman,Times,serif;&quot;&gt;&lt;b&gt;Folder: setting/&lt;/b&gt;&lt;/span&gt;&lt;/p&gt;\n			&lt;/li&gt;\n		&lt;/ol&gt;\n		&lt;/li&gt;\n		&lt;li&gt;\n		&lt;h4 dir=&quot;ltr&quot;&gt;&lt;span style=&quot;font-family:Times New Roman,Times,serif;&quot;&gt;&lt;b id=&quot;docs-internal-guid-34f8911d-b9d8-148d-9ea0-238e065860ec&quot;&gt;Cac chc nng:&lt;/b&gt;&lt;/span&gt;&lt;/h4&gt;\n\n		&lt;ol&gt;\n			&lt;li&gt;\n			&lt;h5 dir=&quot;ltr&quot;&gt;&lt;span style=&quot;font-family:Times New Roman,Times,serif;&quot;&gt;&lt;b id=&quot;docs-internal-guid-34f8911d-b9d8-148d-9ea0-238e065860ec&quot;&gt;Sprint 1:&lt;/b&gt;&lt;/span&gt;&lt;/h5&gt;\n\n			&lt;ul&gt;\n				&lt;li&gt;&lt;b&gt;Update - C&acirc;n hoan thi&ecirc;n chc nng.&lt;/b&gt;&lt;/li&gt;\n				&lt;li&gt;&lt;b&gt;Quan ly User - Chc nng nay dung &ecirc; quan ly cac user.&lt;/b&gt;&lt;/li&gt;\n				&lt;li&gt;&lt;b&gt;Quan ly group - c&acirc;n ph&acirc;n chia lai cac primary va secondary group.&lt;/b&gt;&lt;/li&gt;\n				&lt;li&gt;&lt;b&gt;Quan ly task - cai nay dung cho project manager &ecirc; quan ly cac task.&lt;/b&gt;&lt;/li&gt;\n				&lt;li&gt;&lt;b&gt;Quan ly log - dung &ecirc; xem cac log li&ecirc;n quan &ecirc; quan tri.&lt;/b&gt;&lt;/li&gt;\n				&lt;li&gt;&lt;b&gt;Dashboard - dung &ecirc; quan ly cac th&ocirc;ng tin cua server.&lt;/b&gt;&lt;/li&gt;\n				&lt;li&gt;&lt;b&gt;Plugins - cai nay dung &ecirc; quan ly cac plugins.&lt;/b&gt;&lt;/li&gt;\n				&lt;li&gt;&lt;b&gt;Hoan thi&ecirc;n cac chc nng cua CMS, th&ecirc;m tinh nng Export and Import data cho cac CMS.&lt;/b&gt;&lt;/li&gt;\n				&lt;li&gt;&lt;b&gt;Th&ecirc;m cac tinh nng &ecirc; xu&acirc;t va th&ecirc;m APIs.&amp;nbsp;&lt;/b&gt;&lt;/li&gt;\n				&lt;li&gt;&lt;b&gt;Hosting/Domain - Tao va host framework.&lt;/b&gt;&lt;/li&gt;\n			&lt;/ul&gt;\n			&lt;/li&gt;\n			&lt;li&gt;\n			&lt;h5 dir=&quot;ltr&quot;&gt;&lt;span style=&quot;font-family:Times New Roman,Times,serif;&quot;&gt;&lt;b id=&quot;docs-internal-guid-34f8911d-b9d8-148d-9ea0-238e065860ec&quot;&gt;Sprint ? (Nhng chc nng se co trong tng lai):&lt;/b&gt;&lt;/span&gt;&lt;/h5&gt;\n			&lt;/li&gt;\n		&lt;/ol&gt;\n		&lt;/li&gt;\n		&lt;li&gt;\n		&lt;h4 dir=&quot;ltr&quot;&gt;&lt;span style=&quot;font-family:Times New Roman,Times,serif;&quot;&gt;&lt;b id=&quot;docs-internal-guid-34f8911d-b9d8-148d-9ea0-238e065860ec&quot;&gt;Gia thuy&ecirc;t:&lt;/b&gt;&lt;/span&gt;&lt;/h4&gt;\n\n		&lt;ol&gt;\n			&lt;li&gt;\n			&lt;h5 dir=&quot;ltr&quot;&gt;&lt;span style=&quot;font-family:Times New Roman,Times,serif;&quot;&gt;&lt;b id=&quot;docs-internal-guid-34f8911d-b9d8-148d-9ea0-238e065860ec&quot;&gt;Sprint 1:&lt;/b&gt;&lt;/span&gt;&lt;/h5&gt;\n			&lt;/li&gt;\n		&lt;/ol&gt;\n		&lt;/li&gt;\n		&lt;li&gt;\n		&lt;h4 dir=&quot;ltr&quot;&gt;&lt;span style=&quot;font-family:Times New Roman,Times,serif;&quot;&gt;&lt;b id=&quot;docs-internal-guid-34f8911d-b9d8-148d-9ea0-238e065860ec&quot;&gt;Thach thc:&lt;/b&gt;&lt;/span&gt;&lt;/h4&gt;\n\n		&lt;ol&gt;\n			&lt;li&gt;\n			&lt;h5 dir=&quot;ltr&quot;&gt;&lt;span style=&quot;font-family:Times New Roman,Times,serif;&quot;&gt;&lt;b id=&quot;docs-internal-guid-34f8911d-b9d8-148d-9ea0-238e065860ec&quot;&gt;Sprint 1:&lt;/b&gt;&lt;/span&gt;&lt;/h5&gt;\n			&lt;/li&gt;\n		&lt;/ol&gt;\n		&lt;/li&gt;\n		&lt;li&gt;\n		&lt;h4 dir=&quot;ltr&quot;&gt;&lt;span style=&quot;font-family:Times New Roman,Times,serif;&quot;&gt;&lt;b id=&quot;docs-internal-guid-34f8911d-b9d8-148d-9ea0-238e065860ec&quot;&gt;GUI:&lt;/b&gt;&lt;/span&gt;&lt;/h4&gt;\n\n		&lt;ol&gt;\n			&lt;li&gt;\n			&lt;h5 dir=&quot;ltr&quot;&gt;&lt;span style=&quot;font-family:Times New Roman,Times,serif;&quot;&gt;&lt;b id=&quot;docs-internal-guid-34f8911d-b9d8-148d-9ea0-238e065860ec&quot;&gt;Sprint 1:&lt;/b&gt;&lt;/span&gt;&lt;/h5&gt;\n			&lt;/li&gt;\n		&lt;/ol&gt;\n		&lt;/li&gt;\n	&lt;/ol&gt;\n	&lt;/li&gt;\n&lt;/ul&gt;\n\n&lt;p&gt;&lt;span&gt;&lt;/span&gt;&lt;/p&gt;\n&lt;/section&gt;&lt;section data-type=&quot;component-ckeditor&quot;&gt;&lt;p&gt;&lt;span&gt;&lt;/span&gt;&lt;/p&gt;\n\n&lt;ul&gt;\n	&lt;li dir=&quot;ltr&quot;&gt;\n	&lt;h3 dir=&quot;ltr&quot;&gt;&lt;span style=&quot;font-family:Times New Roman,Times,serif;&quot;&gt;&lt;b id=&quot;docs-internal-guid-34f8911d-b9d8-148d-9ea0-238e065860ec&quot;&gt;Module User:&lt;/b&gt;&lt;/span&gt;&lt;/h3&gt;\n\n	&lt;ol&gt;\n		&lt;li&gt;\n		&lt;h4 dir=&quot;ltr&quot;&gt;&lt;span style=&quot;font-family:Times New Roman,Times,serif;&quot;&gt;&lt;b id=&quot;docs-internal-guid-34f8911d-b9d8-148d-9ea0-238e065860ec&quot;&gt;Th&ocirc;ng Tin:&lt;/b&gt;&lt;/span&gt;&lt;/h4&gt;\n\n		&lt;ol&gt;\n			&lt;li&gt;\n			&lt;p dir=&quot;ltr&quot;&gt;&lt;span style=&quot;font-family:Times New Roman,Times,serif;&quot;&gt;&lt;b id=&quot;docs-internal-guid-34f8911d-b9d8-148d-9ea0-238e065860ec&quot;&gt;Mc &ocirc; u ti&ecirc;n: Cao&lt;/b&gt;&lt;/span&gt;&lt;/p&gt;\n			&lt;/li&gt;\n			&lt;li&gt;\n			&lt;p dir=&quot;ltr&quot;&gt;&lt;span style=&quot;font-family:Times New Roman,Times,serif;&quot;&gt;&lt;b id=&quot;docs-internal-guid-34f8911d-b9d8-148d-9ea0-238e065860ec&quot;&gt;Ngay bt &acirc;u: Sau sprint 1&lt;/b&gt;&lt;/span&gt;&lt;/p&gt;\n			&lt;/li&gt;\n			&lt;li&gt;\n			&lt;p dir=&quot;ltr&quot;&gt;&lt;span style=&quot;font-family:Times New Roman,Times,serif;&quot;&gt;&lt;b id=&quot;docs-internal-guid-34f8911d-b9d8-148d-9ea0-238e065860ec&quot;&gt;Ngay k&ecirc;t thuc:&amp;nbsp;&lt;/b&gt;&lt;/span&gt;&lt;/p&gt;\n			&lt;/li&gt;\n			&lt;li&gt;\n			&lt;p dir=&quot;ltr&quot;&gt;&lt;span style=&quot;font-family:Times New Roman,Times,serif;&quot;&gt;&lt;b id=&quot;docs-internal-guid-34f8911d-b9d8-148d-9ea0-238e065860ec&quot;&gt;Sprint c&acirc;p nh&acirc;t cu&ocirc;i cung: #&lt;/b&gt;&lt;/span&gt;&lt;/p&gt;\n			&lt;/li&gt;\n			&lt;li&gt;\n			&lt;p dir=&quot;ltr&quot;&gt;&lt;span style=&quot;font-family:Times New Roman,Times,serif;&quot;&gt;&lt;b id=&quot;docs-internal-guid-34f8911d-b9d8-148d-9ea0-238e065860ec&quot;&gt;Nhng ngi s dung Module: T&acirc;t ca cac user&lt;/b&gt;&lt;/span&gt;&lt;/p&gt;\n			&lt;/li&gt;\n			&lt;li&gt;\n			&lt;p dir=&quot;ltr&quot;&gt;&lt;span style=&quot;font-family:Times New Roman,Times,serif;&quot;&gt;&lt;b id=&quot;docs-internal-guid-34f8911d-b9d8-148d-9ea0-238e065860ec&quot;&gt;Muc ich: Dung &ecirc; quan ly t&acirc;t ca cac ngi dung s dung app&lt;/b&gt;&lt;/span&gt;&lt;/p&gt;\n			&lt;/li&gt;\n			&lt;li&gt;\n			&lt;p dir=&quot;ltr&quot;&gt;&lt;span style=&quot;font-family:Times New Roman,Times,serif;&quot;&gt;&lt;b id=&quot;docs-internal-guid-34f8911d-b9d8-148d-9ea0-238e065860ec&quot;&gt;T khoa: Users, Groups.&lt;/b&gt;&lt;/span&gt;&lt;/p&gt;\n			&lt;/li&gt;\n		&lt;/ol&gt;\n		&lt;/li&gt;\n		&lt;li&gt;\n		&lt;h4 dir=&quot;ltr&quot;&gt;&lt;span style=&quot;font-family:Times New Roman,Times,serif;&quot;&gt;&lt;b id=&quot;docs-internal-guid-34f8911d-b9d8-148d-9ea0-238e065860ec&quot;&gt;Cac chc nng:&lt;/b&gt;&lt;/span&gt;&lt;/h4&gt;\n\n		&lt;ol&gt;\n			&lt;li&gt;\n			&lt;h5 dir=&quot;ltr&quot;&gt;&lt;span style=&quot;font-family:Times New Roman,Times,serif;&quot;&gt;&lt;b id=&quot;docs-internal-guid-34f8911d-b9d8-148d-9ea0-238e065860ec&quot;&gt;Sprint 1:&lt;/b&gt;&lt;/span&gt;&lt;/h5&gt;\n\n			&lt;ul&gt;\n				&lt;li&gt;&lt;b&gt;Quan ly profile user - chc nng chinh &ecirc; quan ly cac th&ocirc;ng tin cua user.&lt;/b&gt;&lt;/li&gt;\n				&lt;li&gt;&lt;b&gt;Thay &ocirc;i password - dung &ecirc; thay &ocirc;i password va tao password mi&lt;/b&gt;&lt;/li&gt;\n				&lt;li&gt;&lt;b&gt;Gi mail th&ocirc;ng bao&amp;nbsp;active - Sau khi khach hang ng ky xong se gi mail bao v&ecirc;&lt;/b&gt;&lt;/li&gt;\n			&lt;/ul&gt;\n			&lt;/li&gt;\n			&lt;li&gt;\n			&lt;h5 dir=&quot;ltr&quot;&gt;&lt;span style=&quot;font-family:Times New Roman,Times,serif;&quot;&gt;&lt;b id=&quot;docs-internal-guid-34f8911d-b9d8-148d-9ea0-238e065860ec&quot;&gt;Sprint ? (Nhng chc nng se co trong tng lai):&lt;/b&gt;&lt;/span&gt;&lt;/h5&gt;\n			&lt;/li&gt;\n		&lt;/ol&gt;\n		&lt;/li&gt;\n		&lt;li&gt;\n		&lt;h4 dir=&quot;ltr&quot;&gt;&lt;span style=&quot;font-family:Times New Roman,Times,serif;&quot;&gt;&lt;b id=&quot;docs-internal-guid-34f8911d-b9d8-148d-9ea0-238e065860ec&quot;&gt;Gia thuy&ecirc;t:&lt;/b&gt;&lt;/span&gt;&lt;/h4&gt;\n\n		&lt;ol&gt;\n			&lt;li&gt;\n			&lt;h5 dir=&quot;ltr&quot;&gt;&lt;span style=&quot;font-family:Times New Roman,Times,serif;&quot;&gt;&lt;b id=&quot;docs-internal-guid-34f8911d-b9d8-148d-9ea0-238e065860ec&quot;&gt;Sprint 1:&lt;/b&gt;&lt;/span&gt;&lt;/h5&gt;\n			&lt;/li&gt;\n		&lt;/ol&gt;\n		&lt;/li&gt;\n		&lt;li&gt;\n		&lt;h4 dir=&quot;ltr&quot;&gt;&lt;span style=&quot;font-family:Times New Roman,Times,serif;&quot;&gt;&lt;b id=&quot;docs-internal-guid-34f8911d-b9d8-148d-9ea0-238e065860ec&quot;&gt;Thach thc:&lt;/b&gt;&lt;/span&gt;&lt;/h4&gt;\n\n		&lt;ol&gt;\n			&lt;li&gt;\n			&lt;h5 dir=&quot;ltr&quot;&gt;&lt;span style=&quot;font-family:Times New Roman,Times,serif;&quot;&gt;&lt;b id=&quot;docs-internal-guid-34f8911d-b9d8-148d-9ea0-238e065860ec&quot;&gt;Sprint 1:&lt;/b&gt;&lt;/span&gt;&lt;/h5&gt;\n			&lt;/li&gt;\n		&lt;/ol&gt;\n		&lt;/li&gt;\n		&lt;li&gt;\n		&lt;h4 dir=&quot;ltr&quot;&gt;&lt;span style=&quot;font-family:Times New Roman,Times,serif;&quot;&gt;&lt;b id=&quot;docs-internal-guid-34f8911d-b9d8-148d-9ea0-238e065860ec&quot;&gt;GUI:&lt;/b&gt;&lt;/span&gt;&lt;/h4&gt;\n\n		&lt;ol&gt;\n			&lt;li&gt;\n			&lt;h5 dir=&quot;ltr&quot;&gt;&lt;span style=&quot;font-family:Times New Roman,Times,serif;&quot;&gt;&lt;b id=&quot;docs-internal-guid-34f8911d-b9d8-148d-9ea0-238e065860ec&quot;&gt;Sprint 1:&lt;/b&gt;&lt;/span&gt;&lt;/h5&gt;\n			&lt;/li&gt;\n		&lt;/ol&gt;\n		&lt;/li&gt;\n	&lt;/ol&gt;\n	&lt;/li&gt;\n&lt;/ul&gt;\n\n&lt;div&gt;&amp;nbsp;&lt;/div&gt;\n\n&lt;div&gt;\n&lt;ul&gt;\n	&lt;li dir=&quot;ltr&quot;&gt;\n	&lt;h3 dir=&quot;ltr&quot;&gt;&lt;span style=&quot;font-family:Times New Roman,Times,serif;&quot;&gt;&lt;b id=&quot;docs-internal-guid-34f8911d-b9d8-148d-9ea0-238e065860ec&quot;&gt;Module ACL va T&lt;/b&gt;&lt;b&gt;erritory:&lt;/b&gt;&lt;/span&gt;&lt;/h3&gt;\n\n	&lt;ol&gt;\n		&lt;li&gt;\n		&lt;h4 dir=&quot;ltr&quot;&gt;&lt;span style=&quot;font-family:Times New Roman,Times,serif;&quot;&gt;&lt;b id=&quot;docs-internal-guid-34f8911d-b9d8-148d-9ea0-238e065860ec&quot;&gt;Th&ocirc;ng Tin:&lt;/b&gt;&lt;/span&gt;&lt;/h4&gt;\n\n		&lt;ol&gt;\n			&lt;li&gt;\n			&lt;p dir=&quot;ltr&quot;&gt;&lt;span style=&quot;font-family:Times New Roman,Times,serif;&quot;&gt;&lt;b id=&quot;docs-internal-guid-34f8911d-b9d8-148d-9ea0-238e065860ec&quot;&gt;Mc &ocirc; u ti&ecirc;n: Cao&lt;/b&gt;&lt;/span&gt;&lt;/p&gt;\n			&lt;/li&gt;\n			&lt;li&gt;\n			&lt;p dir=&quot;ltr&quot;&gt;&lt;span style=&quot;font-family:Times New Roman,Times,serif;&quot;&gt;&lt;b id=&quot;docs-internal-guid-34f8911d-b9d8-148d-9ea0-238e065860ec&quot;&gt;Ngay bt &acirc;u: Sau sprint 1&lt;/b&gt;&lt;/span&gt;&lt;/p&gt;\n			&lt;/li&gt;\n			&lt;li&gt;\n			&lt;p dir=&quot;ltr&quot;&gt;&lt;span style=&quot;font-family:Times New Roman,Times,serif;&quot;&gt;&lt;b id=&quot;docs-internal-guid-34f8911d-b9d8-148d-9ea0-238e065860ec&quot;&gt;Ngay k&ecirc;t thuc:&amp;nbsp;&lt;/b&gt;&lt;/span&gt;&lt;/p&gt;\n			&lt;/li&gt;\n			&lt;li&gt;\n			&lt;p dir=&quot;ltr&quot;&gt;&lt;span style=&quot;font-family:Times New Roman,Times,serif;&quot;&gt;&lt;b id=&quot;docs-internal-guid-34f8911d-b9d8-148d-9ea0-238e065860ec&quot;&gt;Sprint c&acirc;p nh&acirc;t cu&ocirc;i cung: #&lt;/b&gt;&lt;/span&gt;&lt;/p&gt;\n			&lt;/li&gt;\n			&lt;li&gt;\n			&lt;p dir=&quot;ltr&quot;&gt;&lt;span style=&quot;font-family:Times New Roman,Times,serif;&quot;&gt;&lt;b id=&quot;docs-internal-guid-34f8911d-b9d8-148d-9ea0-238e065860ec&quot;&gt;Nhng ngi s dung Module: T&acirc;t ca cac user&lt;/b&gt;&lt;/span&gt;&lt;/p&gt;\n			&lt;/li&gt;\n			&lt;li&gt;\n			&lt;p dir=&quot;ltr&quot;&gt;&lt;span style=&quot;font-family:Times New Roman,Times,serif;&quot;&gt;&lt;b id=&quot;docs-internal-guid-34f8911d-b9d8-148d-9ea0-238e065860ec&quot;&gt;Muc ich: Dung &ecirc; quan ly tng tac, ph&acirc;n chia data va quy&ecirc;n cua ngi dung.&amp;nbsp;&lt;/b&gt;&lt;/span&gt;&lt;/p&gt;\n			&lt;/li&gt;\n			&lt;li&gt;\n			&lt;p dir=&quot;ltr&quot;&gt;&lt;span style=&quot;font-family:Times New Roman,Times,serif;&quot;&gt;&lt;b id=&quot;docs-internal-guid-34f8911d-b9d8-148d-9ea0-238e065860ec&quot;&gt;T khoa: Users.&lt;/b&gt;&lt;/span&gt;&lt;/p&gt;\n\n			&lt;ul&gt;\n				&lt;li&gt;\n				&lt;p dir=&quot;ltr&quot;&gt;&lt;b&gt;Ngi dung  &acirc;y se la cac group, group se bao g&ocirc;m 1 hoc nhi&ecirc;u ngi.&lt;/b&gt;&lt;/p&gt;\n				&lt;/li&gt;\n			&lt;/ul&gt;\n			&lt;/li&gt;\n		&lt;/ol&gt;\n		&lt;/li&gt;\n		&lt;li&gt;\n		&lt;h4 dir=&quot;ltr&quot;&gt;&lt;span style=&quot;font-family:Times New Roman,Times,serif;&quot;&gt;&lt;b id=&quot;docs-internal-guid-34f8911d-b9d8-148d-9ea0-238e065860ec&quot;&gt;Cac chc nng:&lt;/b&gt;&lt;/span&gt;&lt;/h4&gt;\n\n		&lt;ol&gt;\n			&lt;li&gt;\n			&lt;h5 dir=&quot;ltr&quot;&gt;&lt;span style=&quot;font-family:Times New Roman,Times,serif;&quot;&gt;&lt;b id=&quot;docs-internal-guid-34f8911d-b9d8-148d-9ea0-238e065860ec&quot;&gt;Sprint 1:&lt;/b&gt;&lt;/span&gt;&lt;/h5&gt;\n\n			&lt;ul&gt;\n				&lt;li&gt;&lt;b&gt;Quan ly page - Chc nng nay cho phep ngi dung co th&ecirc; truy c&acirc;p vao page hay kh&ocirc;ng va cac tng tac vi page &acirc;y&lt;/b&gt;&lt;/li&gt;\n				&lt;li&gt;&lt;b&gt;Quan ly cac field - Chc nng nay tuy theo mc &ocirc; cua user se c phep tng tac vi fields&lt;/b&gt;&lt;/li&gt;\n				&lt;li&gt;&lt;b&gt;Filter ACL - Chc nng nay dung &ecirc; lt cac data ma ngi dung kh&ocirc;ng co quy&ecirc;n truy c&acirc;p.&lt;/b&gt;&lt;/li&gt;\n				&lt;li&gt;&lt;b&gt;Territory - Chc nng nay dung &ecirc; ph&acirc;n chia vung data, n&ecirc;u ngi nay kh&ocirc;ng thu&ocirc;c nhng vung quan ly tr&ecirc;n thi territory se cho phep hoc kh&ocirc;ng cho phep truy c&acirc;p.&lt;/b&gt;&lt;/li&gt;\n			&lt;/ul&gt;\n			&lt;/li&gt;\n			&lt;li&gt;\n			&lt;h5 dir=&quot;ltr&quot;&gt;&lt;span style=&quot;font-family:Times New Roman,Times,serif;&quot;&gt;&lt;b id=&quot;docs-internal-guid-34f8911d-b9d8-148d-9ea0-238e065860ec&quot;&gt;Sprint ? (Nhng chc nng se co trong tng lai):&lt;/b&gt;&lt;/span&gt;&lt;/h5&gt;\n			&lt;/li&gt;\n		&lt;/ol&gt;\n		&lt;/li&gt;\n		&lt;li&gt;\n		&lt;h4 dir=&quot;ltr&quot;&gt;&lt;span style=&quot;font-family:Times New Roman,Times,serif;&quot;&gt;&lt;b id=&quot;docs-internal-guid-34f8911d-b9d8-148d-9ea0-238e065860ec&quot;&gt;Gia thuy&ecirc;t:&lt;/b&gt;&lt;/span&gt;&lt;/h4&gt;\n\n		&lt;ol&gt;\n			&lt;li&gt;\n			&lt;h5 dir=&quot;ltr&quot;&gt;&lt;span style=&quot;font-family:Times New Roman,Times,serif;&quot;&gt;&lt;b id=&quot;docs-internal-guid-34f8911d-b9d8-148d-9ea0-238e065860ec&quot;&gt;Sprint 1:&lt;/b&gt;&lt;/span&gt;&lt;/h5&gt;\n			&lt;/li&gt;\n		&lt;/ol&gt;\n		&lt;/li&gt;\n		&lt;li&gt;\n		&lt;h4 dir=&quot;ltr&quot;&gt;&lt;span style=&quot;font-family:Times New Roman,Times,serif;&quot;&gt;&lt;b id=&quot;docs-internal-guid-34f8911d-b9d8-148d-9ea0-238e065860ec&quot;&gt;Thach thc:&lt;/b&gt;&lt;/span&gt;&lt;/h4&gt;\n\n		&lt;ol&gt;\n			&lt;li&gt;\n			&lt;h5 dir=&quot;ltr&quot;&gt;&lt;span style=&quot;font-family:Times New Roman,Times,serif;&quot;&gt;&lt;b id=&quot;docs-internal-guid-34f8911d-b9d8-148d-9ea0-238e065860ec&quot;&gt;Sprint 1:&lt;/b&gt;&lt;/span&gt;&lt;/h5&gt;\n			&lt;/li&gt;\n		&lt;/ol&gt;\n		&lt;/li&gt;\n		&lt;li&gt;\n		&lt;h4 dir=&quot;ltr&quot;&gt;&lt;span style=&quot;font-family:Times New Roman,Times,serif;&quot;&gt;&lt;b id=&quot;docs-internal-guid-34f8911d-b9d8-148d-9ea0-238e065860ec&quot;&gt;GUI:&lt;/b&gt;&lt;/span&gt;&lt;/h4&gt;\n\n		&lt;ol&gt;\n			&lt;li&gt;\n			&lt;h5 dir=&quot;ltr&quot;&gt;&lt;span style=&quot;font-family:Times New Roman,Times,serif;&quot;&gt;&lt;b id=&quot;docs-internal-guid-34f8911d-b9d8-148d-9ea0-238e065860ec&quot;&gt;Sprint 1:&lt;/b&gt;&lt;/span&gt;&lt;/h5&gt;\n			&lt;/li&gt;\n		&lt;/ol&gt;\n		&lt;/li&gt;\n	&lt;/ol&gt;\n	&lt;/li&gt;\n&lt;/ul&gt;\n\n&lt;div&gt;&amp;nbsp;&lt;/div&gt;\n\n&lt;h3 dir=&quot;ltr&quot;&gt;&amp;nbsp;&lt;/h3&gt;\n&lt;/div&gt;\n\n&lt;ol&gt;\n&lt;/ol&gt;\n\n&lt;p&gt;&lt;span&gt;&lt;/span&gt;&lt;/p&gt;\n&lt;/section&gt;&lt;section data-type=&quot;component-ckeditor&quot;&gt;&lt;p&gt;&lt;span&gt;&lt;/span&gt;&lt;/p&gt;\n\n&lt;ul&gt;\n	&lt;li dir=&quot;ltr&quot;&gt;\n	&lt;h3 dir=&quot;ltr&quot;&gt;&lt;span style=&quot;font-family:Times New Roman,Times,serif;&quot;&gt;&lt;b id=&quot;docs-internal-guid-34f8911d-b9d8-148d-9ea0-238e065860ec&quot;&gt;Module Wiki:&lt;/b&gt;&lt;/span&gt;&lt;/h3&gt;\n\n	&lt;ol&gt;\n		&lt;li&gt;\n		&lt;h4 dir=&quot;ltr&quot;&gt;&lt;span style=&quot;font-family:Times New Roman,Times,serif;&quot;&gt;&lt;b id=&quot;docs-internal-guid-34f8911d-b9d8-148d-9ea0-238e065860ec&quot;&gt;Th&ocirc;ng Tin:&lt;/b&gt;&lt;/span&gt;&lt;/h4&gt;\n\n		&lt;ol&gt;\n			&lt;li&gt;\n			&lt;p dir=&quot;ltr&quot;&gt;&lt;span style=&quot;font-family:Times New Roman,Times,serif;&quot;&gt;&lt;b id=&quot;docs-internal-guid-34f8911d-b9d8-148d-9ea0-238e065860ec&quot;&gt;Mc &ocirc; u ti&ecirc;n: Cao&lt;/b&gt;&lt;/span&gt;&lt;/p&gt;\n			&lt;/li&gt;\n			&lt;li&gt;\n			&lt;p dir=&quot;ltr&quot;&gt;&lt;span style=&quot;font-family:Times New Roman,Times,serif;&quot;&gt;&lt;b id=&quot;docs-internal-guid-34f8911d-b9d8-148d-9ea0-238e065860ec&quot;&gt;Ngay bt &acirc;u: Sau sprint 1&lt;/b&gt;&lt;/span&gt;&lt;/p&gt;\n			&lt;/li&gt;\n			&lt;li&gt;\n			&lt;p dir=&quot;ltr&quot;&gt;&lt;span style=&quot;font-family:Times New Roman,Times,serif;&quot;&gt;&lt;b id=&quot;docs-internal-guid-34f8911d-b9d8-148d-9ea0-238e065860ec&quot;&gt;Ngay k&ecirc;t thuc:&amp;nbsp;&lt;/b&gt;&lt;/span&gt;&lt;/p&gt;\n			&lt;/li&gt;\n			&lt;li&gt;\n			&lt;p dir=&quot;ltr&quot;&gt;&lt;span style=&quot;font-family:Times New Roman,Times,serif;&quot;&gt;&lt;b id=&quot;docs-internal-guid-34f8911d-b9d8-148d-9ea0-238e065860ec&quot;&gt;Sprint c&acirc;p nh&acirc;t cu&ocirc;i cung: #&lt;/b&gt;&lt;/span&gt;&lt;/p&gt;\n			&lt;/li&gt;\n			&lt;li&gt;\n			&lt;p dir=&quot;ltr&quot;&gt;&lt;span style=&quot;font-family:Times New Roman,Times,serif;&quot;&gt;&lt;b id=&quot;docs-internal-guid-34f8911d-b9d8-148d-9ea0-238e065860ec&quot;&gt;Nhng ngi s dung Module: T&acirc;t ca cac user&lt;/b&gt;&lt;/span&gt;&lt;/p&gt;\n			&lt;/li&gt;\n			&lt;li&gt;\n			&lt;p dir=&quot;ltr&quot;&gt;&lt;span style=&quot;font-family:Times New Roman,Times,serif;&quot;&gt;&lt;b id=&quot;docs-internal-guid-34f8911d-b9d8-148d-9ea0-238e065860ec&quot;&gt;Muc ich: Dung &ecirc; lam tai li&ecirc;u cho Core &ecirc; cac dev sau nay co th&ecirc; da vao no &ecirc; build up.&lt;/b&gt;&lt;/span&gt;&lt;/p&gt;\n			&lt;/li&gt;\n			&lt;li&gt;\n			&lt;p dir=&quot;ltr&quot;&gt;&lt;span style=&quot;font-family:Times New Roman,Times,serif;&quot;&gt;&lt;b id=&quot;docs-internal-guid-34f8911d-b9d8-148d-9ea0-238e065860ec&quot;&gt;T khoa: Core, module.&lt;/b&gt;&lt;/span&gt;&lt;/p&gt;\n			&lt;/li&gt;\n		&lt;/ol&gt;\n		&lt;/li&gt;\n		&lt;li&gt;\n		&lt;h4 dir=&quot;ltr&quot;&gt;&lt;span style=&quot;font-family:Times New Roman,Times,serif;&quot;&gt;&lt;b id=&quot;docs-internal-guid-34f8911d-b9d8-148d-9ea0-238e065860ec&quot;&gt;Cac chc nng:&lt;/b&gt;&lt;/span&gt;&lt;/h4&gt;\n\n		&lt;ol&gt;\n			&lt;li&gt;\n			&lt;h5 dir=&quot;ltr&quot;&gt;&lt;span style=&quot;font-family:Times New Roman,Times,serif;&quot;&gt;&lt;b id=&quot;docs-internal-guid-34f8911d-b9d8-148d-9ea0-238e065860ec&quot;&gt;Sprint 1:&lt;/b&gt;&lt;/span&gt;&lt;/h5&gt;\n\n			&lt;ul&gt;\n				&lt;li&gt;&lt;b&gt;Vi&ecirc;t cac tinh nng a co trong framework.&lt;/b&gt;&lt;/li&gt;\n			&lt;/ul&gt;\n			&lt;/li&gt;\n			&lt;li&gt;\n			&lt;h5 dir=&quot;ltr&quot;&gt;&lt;span style=&quot;font-family:Times New Roman,Times,serif;&quot;&gt;&lt;b id=&quot;docs-internal-guid-34f8911d-b9d8-148d-9ea0-238e065860ec&quot;&gt;Sprint ? (Nhng chc nng se co trong tng lai):&lt;/b&gt;&lt;/span&gt;&lt;/h5&gt;\n			&lt;/li&gt;\n		&lt;/ol&gt;\n		&lt;/li&gt;\n		&lt;li&gt;\n		&lt;h4 dir=&quot;ltr&quot;&gt;&lt;span style=&quot;font-family:Times New Roman,Times,serif;&quot;&gt;&lt;b id=&quot;docs-internal-guid-34f8911d-b9d8-148d-9ea0-238e065860ec&quot;&gt;Gia thuy&ecirc;t:&lt;/b&gt;&lt;/span&gt;&lt;/h4&gt;\n\n		&lt;ol&gt;\n			&lt;li&gt;\n			&lt;h5 dir=&quot;ltr&quot;&gt;&lt;span style=&quot;font-family:Times New Roman,Times,serif;&quot;&gt;&lt;b id=&quot;docs-internal-guid-34f8911d-b9d8-148d-9ea0-238e065860ec&quot;&gt;Sprint 1:&lt;/b&gt;&lt;/span&gt;&lt;/h5&gt;\n			&lt;/li&gt;\n		&lt;/ol&gt;\n		&lt;/li&gt;\n		&lt;li&gt;\n		&lt;h4 dir=&quot;ltr&quot;&gt;&lt;span style=&quot;font-family:Times New Roman,Times,serif;&quot;&gt;&lt;b id=&quot;docs-internal-guid-34f8911d-b9d8-148d-9ea0-238e065860ec&quot;&gt;Thach thc:&lt;/b&gt;&lt;/span&gt;&lt;/h4&gt;\n\n		&lt;ol&gt;\n			&lt;li&gt;\n			&lt;h5 dir=&quot;ltr&quot;&gt;&lt;span style=&quot;font-family:Times New Roman,Times,serif;&quot;&gt;&lt;b id=&quot;docs-internal-guid-34f8911d-b9d8-148d-9ea0-238e065860ec&quot;&gt;Sprint 1:&lt;/b&gt;&lt;/span&gt;&lt;/h5&gt;\n			&lt;/li&gt;\n		&lt;/ol&gt;\n		&lt;/li&gt;\n		&lt;li&gt;\n		&lt;h4 dir=&quot;ltr&quot;&gt;&lt;span style=&quot;font-family:Times New Roman,Times,serif;&quot;&gt;&lt;b id=&quot;docs-internal-guid-34f8911d-b9d8-148d-9ea0-238e065860ec&quot;&gt;GUI:&lt;/b&gt;&lt;/span&gt;&lt;/h4&gt;\n\n		&lt;ol&gt;\n			&lt;li&gt;\n			&lt;h5 dir=&quot;ltr&quot;&gt;&lt;span style=&quot;font-family:Times New Roman,Times,serif;&quot;&gt;&lt;b id=&quot;docs-internal-guid-34f8911d-b9d8-148d-9ea0-238e065860ec&quot;&gt;Sprint 1:&lt;/b&gt;&lt;/span&gt;&lt;/h5&gt;\n			&lt;/li&gt;\n		&lt;/ol&gt;\n		&lt;/li&gt;\n	&lt;/ol&gt;\n	&lt;/li&gt;\n&lt;/ul&gt;\n\n&lt;p&gt;&lt;span&gt;&lt;/span&gt;&lt;/p&gt;\n&lt;/section&gt;&lt;section data-type=&quot;component-breakline&quot;&gt;&lt;div&gt;\n&lt;br&gt;\n&lt;/div&gt;&lt;/section&gt;&lt;section data-type=&quot;component-ckeditor&quot;&gt;&lt;p&gt;&lt;span&gt;&lt;meta charset=&quot;utf-8&quot;&gt;&lt;/span&gt;&lt;/p&gt;\n\n&lt;h2 dir=&quot;ltr&quot;&gt;&lt;span style=&quot;font-family:Times New Roman,Times,serif;&quot;&gt;&lt;b id=&quot;docs-internal-guid-8c5e648a-b9d8-4772-682a-592db55f16e5&quot;&gt;Cac tai li&ecirc;u tham khao:&lt;/b&gt;&lt;/span&gt;&lt;/h2&gt;\n\n&lt;p&gt;&lt;span&gt;&lt;/span&gt;&lt;/p&gt;\n&lt;/section&gt;&lt;/div&gt;\n&lt;/div&gt;\n&lt;/div&gt;&lt;/section&gt;', 0, 0, 0, 0, 1, 2);
INSERT INTO `FunctionStage` (`FunctionStageId`, `FunctionId`, `StageName`, `StageDescription`, `Content`, `HideNavigationBar`, `HideFooter`, `NavbarTransparent`, `NavbarConfig`, `LanguageId`, `CreatedBy`) VALUES
(13, 7, 'Main Container', 'Main Container', '&lt;section&gt;&lt;div class=&quot;container-full&quot;&gt;\n        &lt;div data-type=&quot;container-content&quot; class=&quot;&quot;&gt;&lt;section data-type=&quot;component-ckeditor&quot;&gt;&lt;nav class=&quot;navmenu navmenu-default navmenu-fixed-left offcanvas&quot; id=&quot;myNavmenu&quot; role=&quot;navigation&quot; style=&quot;&quot;&gt;&lt;a class=&quot;navmenu-brand&quot; href=&quot;javascript:void();&quot;&gt;Dashboard &lt;span class=&quot;pull-right glyphicon glyphicon-remove&quot; data-canvas=&quot;body&quot; data-target=&quot;#myNavmenu&quot; data-toggle=&quot;offcanvas&quot;&gt;&lt;/span&gt;&lt;/a&gt;\n&lt;ul class=&quot;nav navmenu-nav&quot;&gt;\n	&lt;li&gt;&lt;a href=&quot;http://codeasy.cf/dashboard&quot;&gt;&lt;i aria-hidden=&quot;true&quot; class=&quot;fa fa-home&quot;&gt;&lt;/i&gt;Home&lt;/a&gt;&lt;/li&gt;\n	&lt;li&gt;&lt;a href=&quot;#&quot;&gt;Link&lt;/a&gt;&lt;/li&gt;\n	&lt;li&gt;&lt;a href=&quot;#&quot;&gt;Link&lt;/a&gt;&lt;/li&gt;\n&lt;/ul&gt;\n&lt;/nav&gt;\n\n&lt;div class=&quot;navbar navbar-default navbar-fixed-bottom&quot; style=&quot;&quot;&gt;&lt;button class=&quot;navbar-toggle navbar-left navbar-view&quot; data-canvas=&quot;body&quot; data-target=&quot;#myNavmenu&quot; data-toggle=&quot;offcanvas&quot;&gt;&lt;span class=&quot;icon-bar&quot;&gt;&lt;/span&gt; &lt;span class=&quot;icon-bar&quot;&gt;&lt;/span&gt; &lt;span class=&quot;icon-bar&quot;&gt;&lt;/span&gt;&lt;/button&gt;&lt;/div&gt;\n&lt;/section&gt;&lt;/div&gt;\n    &lt;/div&gt;&lt;/section&gt;&lt;section&gt;&lt;div id=&quot;wrapper&quot;&gt;\n        &lt;div id=&quot;page-wrapper&quot; style=&quot;min-height: 684px;&quot;&gt;\n            &lt;div data-type=&quot;container-content&quot; class=&quot;&quot;&gt;\n                \n            &lt;section data-type=&quot;component-ckeditor&quot;&gt;&lt;div class=&quot;row&quot;&gt;\n&lt;div class=&quot;col-lg-12&quot;&gt;\n&lt;h1 class=&quot;page-header&quot;&gt;Dashboard&lt;/h1&gt;\n&lt;/div&gt;\n&lt;/div&gt;\n&lt;/section&gt;&lt;section data-type=&quot;component-ckeditor&quot;&gt;&lt;div class=&quot;row&quot;&gt;&lt;div class=&quot;col-lg-3 col-md-6&quot;&gt;&lt;div class=&quot;panel panel-primary&quot;&gt;&lt;div class=&quot;panel-heading&quot;&gt;&lt;div class=&quot;row&quot;&gt;&lt;div class=&quot;col-xs-3&quot;&gt;&lt;i class=&quot;fa fa-comments fa-5x&quot;&gt;&lt;/i&gt;&lt;/div&gt;&lt;div class=&quot;col-xs-9 text-right&quot;&gt;&lt;div class=&quot;huge&quot;&gt;26&lt;/div&gt;&lt;div&gt;New Comments!&lt;/div&gt;&lt;/div&gt;&lt;/div&gt;&lt;/div&gt;&lt;div class=&quot;panel-footer&quot;&gt;&lt;a data-cke-saved-href=&quot;#&quot; href=&quot;#&quot;&gt;&lt;span class=&quot;pull-left&quot;&gt;View Details&lt;/span&gt; &lt;span class=&quot;pull-right&quot;&gt;&lt;i class=&quot;fa fa-arrow-circle-right&quot;&gt;&lt;/i&gt;&lt;/span&gt; &lt;/a&gt;&lt;div class=&quot;clearfix&quot;&gt;&lt;br&gt;&lt;/div&gt; &lt;a data-cke-saved-href=&quot;#&quot; href=&quot;#&quot;&gt; &lt;/a&gt;&lt;/div&gt;&lt;/div&gt;&lt;/div&gt;&lt;div class=&quot;col-lg-3 col-md-6&quot;&gt;&lt;div class=&quot;panel panel-green&quot;&gt;&lt;div class=&quot;panel-heading&quot;&gt;&lt;div class=&quot;row&quot;&gt;&lt;div class=&quot;col-xs-3&quot;&gt;&lt;i class=&quot;fa fa-tasks fa-5x&quot;&gt;&lt;/i&gt;&lt;/div&gt;&lt;div class=&quot;col-xs-9 text-right&quot;&gt;&lt;div class=&quot;huge&quot;&gt;12&lt;/div&gt;&lt;div&gt;New Tasks!&lt;/div&gt;&lt;/div&gt;&lt;/div&gt;&lt;/div&gt;&lt;div class=&quot;panel-footer&quot;&gt;&lt;a data-cke-saved-href=&quot;#&quot; href=&quot;#&quot;&gt;&lt;span class=&quot;pull-left&quot;&gt;View Details&lt;/span&gt; &lt;span class=&quot;pull-right&quot;&gt;&lt;i class=&quot;fa fa-arrow-circle-right&quot;&gt;&lt;/i&gt;&lt;/span&gt; &lt;/a&gt;&lt;div class=&quot;clearfix&quot;&gt;&lt;br&gt;&lt;/div&gt; &lt;a data-cke-saved-href=&quot;#&quot; href=&quot;#&quot;&gt; &lt;/a&gt;&lt;/div&gt;&lt;/div&gt;&lt;/div&gt;&lt;div class=&quot;col-lg-3 col-md-6&quot;&gt;&lt;div class=&quot;panel panel-yellow&quot;&gt;&lt;div class=&quot;panel-heading&quot;&gt;&lt;div class=&quot;row&quot;&gt;&lt;div class=&quot;col-xs-3&quot;&gt;&lt;i class=&quot;fa fa-shopping-cart fa-5x&quot;&gt;&lt;/i&gt;&lt;/div&gt;&lt;div class=&quot;col-xs-9 text-right&quot;&gt;&lt;div class=&quot;huge&quot;&gt;124&lt;/div&gt;&lt;div&gt;New Orders!&lt;/div&gt;&lt;/div&gt;&lt;/div&gt;&lt;/div&gt;&lt;div class=&quot;panel-footer&quot;&gt;&lt;a data-cke-saved-href=&quot;#&quot; href=&quot;#&quot;&gt;&lt;span class=&quot;pull-left&quot;&gt;View Details&lt;/span&gt; &lt;span class=&quot;pull-right&quot;&gt;&lt;i class=&quot;fa fa-arrow-circle-right&quot;&gt;&lt;/i&gt;&lt;/span&gt; &lt;/a&gt;&lt;div class=&quot;clearfix&quot;&gt;&lt;br&gt;&lt;/div&gt; &lt;a data-cke-saved-href=&quot;#&quot; href=&quot;#&quot;&gt; &lt;/a&gt;&lt;/div&gt;&lt;/div&gt;&lt;/div&gt;&lt;div class=&quot;col-lg-3 col-md-6&quot;&gt;&lt;div class=&quot;panel panel-red&quot;&gt;&lt;div class=&quot;panel-heading&quot;&gt;&lt;div class=&quot;row&quot;&gt;&lt;div class=&quot;col-xs-3&quot;&gt;&lt;i class=&quot;fa fa-support fa-5x&quot;&gt;&lt;/i&gt;&lt;/div&gt;&lt;div class=&quot;col-xs-9 text-right&quot;&gt;&lt;div class=&quot;huge&quot;&gt;13&lt;/div&gt;&lt;div&gt;Support Tickets!&lt;/div&gt;&lt;/div&gt;&lt;/div&gt;&lt;/div&gt;&lt;div class=&quot;panel-footer&quot;&gt;&lt;a data-cke-saved-href=&quot;#&quot; href=&quot;#&quot;&gt;&lt;span class=&quot;pull-left&quot;&gt;View Details&lt;/span&gt; &lt;span class=&quot;pull-right&quot;&gt;&lt;i class=&quot;fa fa-arrow-circle-right&quot;&gt;&lt;/i&gt;&lt;/span&gt; &lt;/a&gt;&lt;div class=&quot;clearfix&quot;&gt;&lt;br&gt;&lt;/div&gt; &lt;a data-cke-saved-href=&quot;#&quot; href=&quot;#&quot;&gt; &lt;/a&gt;&lt;/div&gt;&lt;/div&gt;&lt;/div&gt;&lt;/div&gt;&lt;/section&gt;&lt;/div&gt;\n        &lt;/div&gt;\n    &lt;/div&gt;&lt;/section&gt;', 0, 0, 0, 2, 1, 2),
(14, 46, 'blank', 'blank', '', 1, 1, 0, 0, 1, 2),
(15, 54, 'test', 'Test', '&lt;section&gt;&lt;div class=&quot;container-full&quot;&gt;\n        &lt;div data-type=&quot;container-content&quot; class=&quot;&quot;&gt;&lt;section data-type=&quot;component-ckeditor&quot;&gt;&lt;p&gt;&lt;span&gt;{{10+30}}&lt;/span&gt;&lt;/p&gt;\n&lt;/section&gt;&lt;/div&gt;\n    &lt;/div&gt;&lt;/section&gt;', 0, 0, 0, 0, 1, 2);

-- --------------------------------------------------------

--
-- Table structure for table `FunctionStageChangeLog`
--

CREATE TABLE IF NOT EXISTS `FunctionStageChangeLog` (
  `FunctionStageChangeLogId` bigint(20) NOT NULL AUTO_INCREMENT,
  `FunctionStageStatusId` int(11) NOT NULL,
  `FunctionStageId` bigint(20) NOT NULL,
  `UpdateTime` datetime NOT NULL DEFAULT CURRENT_TIMESTAMP,
  `CreatedBy` bigint(255) DEFAULT NULL,
  PRIMARY KEY (`FunctionStageChangeLogId`)
) ENGINE=MyISAM  DEFAULT CHARSET=latin1 AUTO_INCREMENT=313 ;

--
-- Dumping data for table `FunctionStageChangeLog`
--

INSERT INTO `FunctionStageChangeLog` (`FunctionStageChangeLogId`, `FunctionStageStatusId`, `FunctionStageId`, `UpdateTime`, `CreatedBy`) VALUES
(1, 3, 1, '2017-08-28 06:34:08', 2),
(2, 3, 1, '2017-08-28 06:35:44', 2),
(3, 3, 1, '2017-08-28 06:37:42', 2),
(4, 3, 1, '2017-08-28 06:39:14', 2),
(5, 3, 1, '2017-08-28 06:41:51', 2),
(6, 3, 1, '2017-08-28 06:42:17', 2),
(7, 3, 1, '2017-08-28 06:43:07', 2),
(8, 3, 2, '2017-08-28 06:48:12', 2),
(9, 3, 3, '2017-09-03 12:04:02', 2),
(10, 3, 3, '2017-09-03 12:05:46', 2),
(11, 3, 3, '2017-09-03 12:08:05', 2),
(12, 3, 3, '2017-09-03 12:10:28', 2),
(13, 3, 3, '2017-09-03 12:12:04', 2),
(14, 3, 3, '2017-09-03 12:13:33', 2),
(15, 3, 3, '2017-09-03 12:14:09', 2),
(16, 3, 3, '2017-09-03 12:14:38', 2),
(17, 3, 3, '2017-09-03 12:18:49', 2),
(18, 3, 3, '2017-09-03 12:23:37', 2),
(19, 3, 3, '2017-09-03 12:54:23', 2),
(20, 3, 3, '2017-09-03 12:55:41', 2),
(21, 3, 3, '2017-09-03 12:57:42', 2),
(22, 3, 3, '2017-09-03 13:02:43', 2),
(23, 3, 4, '2017-09-03 13:27:48', 2),
(24, 3, 4, '2017-09-03 13:29:44', 2),
(25, 3, 4, '2017-09-03 13:35:40', 2),
(26, 3, 4, '2017-09-03 13:40:49', 2),
(27, 3, 4, '2017-09-03 13:45:56', 2),
(28, 3, 4, '2017-09-03 13:47:07', 2),
(29, 3, 3, '2017-09-03 13:51:19', 2),
(30, 3, 3, '2017-09-03 13:52:01', 2),
(31, 3, 3, '2017-09-03 13:52:33', 2),
(32, 3, 3, '2017-09-03 13:53:00', 2),
(33, 3, 3, '2017-09-03 13:56:20', 2),
(34, 3, 3, '2017-09-03 13:59:04', 2),
(35, 3, 3, '2017-09-03 14:00:30', 2),
(36, 3, 3, '2017-09-03 14:02:11', 2),
(37, 3, 3, '2017-09-03 14:02:53', 2),
(38, 3, 3, '2017-09-03 22:00:59', 2),
(39, 3, 3, '2017-09-03 22:01:14', 2),
(40, 3, 3, '2017-09-03 22:03:05', 2),
(41, 3, 3, '2017-09-03 22:06:37', 2),
(42, 3, 3, '2017-09-03 22:08:05', 2),
(43, 3, 3, '2017-09-03 22:08:25', 2),
(44, 3, 3, '2017-09-03 22:10:50', 2),
(45, 3, 1, '2017-09-03 22:13:02', 2),
(46, 3, 1, '2017-09-03 22:13:18', 2),
(47, 3, 1, '2017-09-03 22:15:17', 2),
(48, 3, 1, '2017-09-03 22:22:19', 2),
(49, 3, 3, '2017-09-03 23:29:26', 2),
(50, 3, 3, '2017-09-03 23:37:12', 2),
(51, 3, 3, '2017-09-04 00:11:45', 2),
(52, 3, 3, '2017-09-04 00:12:07', 2),
(53, 3, 3, '2017-09-04 00:12:42', 2),
(54, 3, 3, '2017-09-04 00:13:06', 2),
(55, 3, 3, '2017-09-04 00:14:50', 2),
(56, 3, 3, '2017-09-04 00:18:47', 2),
(57, 3, 3, '2017-09-04 00:19:12', 2),
(58, 3, 1, '2017-09-04 03:06:17', 2),
(59, 3, 4, '2017-09-04 03:06:53', 2),
(60, 3, 1, '2017-09-04 03:36:14', 2),
(61, 3, 1, '2017-09-04 03:50:02', 2),
(62, 3, 3, '2017-09-04 10:48:17', 2),
(63, 3, 3, '2017-09-04 10:51:38', 2),
(64, 3, 3, '2017-09-04 10:54:02', 2),
(65, 3, 3, '2017-09-04 10:57:46', 2),
(66, 3, 3, '2017-09-04 10:59:58', 2),
(67, 3, 3, '2017-09-04 11:06:05', 2),
(68, 3, 3, '2017-09-04 11:08:57', 2),
(69, 3, 3, '2017-09-04 11:18:52', 2),
(70, 3, 3, '2017-09-04 11:21:10', 2),
(71, 3, 3, '2017-09-04 11:22:07', 2),
(72, 3, 3, '2017-09-04 11:25:46', 2),
(73, 3, 3, '2017-09-04 11:27:48', 2),
(74, 3, 3, '2017-09-04 11:31:43', 2),
(75, 3, 3, '2017-09-04 11:31:54', 2),
(76, 3, 3, '2017-09-04 11:32:15', 2),
(77, 3, 3, '2017-09-04 11:33:23', 2),
(78, 3, 3, '2017-09-04 11:37:18', 2),
(79, 3, 6, '2017-09-04 11:47:30', 2),
(80, 3, 6, '2017-09-04 11:48:20', 2),
(81, 3, 6, '2017-09-04 11:49:06', 2),
(82, 3, 6, '2017-09-04 11:51:18', 2),
(83, 3, 6, '2017-09-04 11:51:54', 2),
(84, 3, 6, '2017-09-04 11:53:08', 2),
(85, 3, 6, '2017-09-04 11:53:31', 2),
(86, 3, 6, '2017-09-04 11:58:17', 2),
(87, 3, 6, '2017-09-04 11:59:06', 2),
(88, 3, 6, '2017-09-04 12:01:09', 2),
(89, 3, 6, '2017-09-04 12:05:36', 2),
(90, 3, 6, '2017-09-04 12:07:11', 2),
(91, 3, 6, '2017-09-04 12:07:38', 2),
(92, 3, 6, '2017-09-04 12:07:58', 2),
(93, 3, 6, '2017-09-04 12:09:39', 2),
(94, 3, 7, '2017-09-04 12:17:04', 2),
(95, 3, 7, '2017-09-04 12:18:41', 2),
(96, 3, 3, '2017-09-04 12:21:03', 2),
(97, 3, 3, '2017-09-04 12:22:53', 2),
(98, 3, 3, '2017-09-04 12:23:10', 2),
(99, 3, 3, '2017-09-04 12:24:35', 2),
(100, 3, 3, '2017-09-04 12:25:15', 2),
(101, 3, 3, '2017-09-04 12:26:09', 2),
(102, 3, 3, '2017-09-04 12:27:04', 2),
(103, 3, 3, '2017-09-04 12:29:31', 2),
(104, 3, 3, '2017-09-04 12:29:40', 2),
(105, 3, 3, '2017-09-04 12:30:24', 2),
(106, 3, 3, '2017-09-04 12:31:23', 2),
(107, 3, 3, '2017-09-04 12:33:44', 2),
(108, 3, 3, '2017-09-04 12:34:50', 2),
(109, 3, 3, '2017-09-04 12:36:23', 2),
(110, 3, 3, '2017-09-04 12:36:58', 2),
(111, 3, 3, '2017-09-04 12:37:53', 2),
(112, 3, 6, '2017-09-04 12:41:30', 2),
(113, 3, 6, '2017-09-04 12:41:54', 2),
(114, 3, 6, '2017-09-04 12:43:34', 2),
(115, 3, 6, '2017-09-04 12:43:42', 2),
(116, 3, 6, '2017-09-04 12:44:00', 2),
(117, 3, 7, '2017-09-04 12:44:45', 2),
(118, 3, 7, '2017-09-04 12:45:38', 2),
(119, 3, 7, '2017-09-04 12:48:46', 2),
(120, 3, 7, '2017-09-04 12:49:26', 2),
(121, 3, 7, '2017-09-04 12:51:14', 2),
(122, 3, 7, '2017-09-04 12:58:55', 2),
(123, 3, 7, '2017-09-04 13:00:26', 2),
(124, 3, 7, '2017-09-04 13:00:42', 2),
(125, 3, 7, '2017-09-04 13:02:40', 2),
(126, 3, 7, '2017-09-04 13:05:13', 2),
(127, 3, 7, '2017-09-04 13:08:07', 2),
(128, 3, 7, '2017-09-04 13:08:31', 2),
(129, 3, 7, '2017-09-04 13:09:59', 2),
(130, 3, 7, '2017-09-04 13:10:30', 2),
(131, 3, 7, '2017-09-04 13:28:21', 2),
(132, 3, 7, '2017-09-04 13:28:49', 2),
(133, 3, 6, '2017-09-04 13:35:50', 2),
(134, 3, 6, '2017-09-04 13:36:04', 2),
(135, 3, 6, '2017-09-04 13:36:41', 2),
(136, 3, 8, '2017-09-04 21:17:29', 2),
(137, 3, 8, '2017-09-04 21:20:29', 2),
(138, 3, 8, '2017-09-04 21:22:59', 2),
(139, 3, 8, '2017-09-04 21:26:45', 2),
(140, 3, 8, '2017-09-04 21:27:45', 2),
(141, 3, 8, '2017-09-04 21:28:36', 2),
(142, 3, 8, '2017-09-04 21:30:03', 2),
(143, 3, 8, '2017-09-04 21:33:05', 2),
(144, 3, 8, '2017-09-04 21:34:34', 2),
(145, 3, 8, '2017-09-04 21:36:01', 2),
(146, 3, 8, '2017-09-04 21:36:32', 2),
(147, 3, 8, '2017-09-04 21:39:28', 2),
(148, 3, 8, '2017-09-04 21:46:41', 2),
(149, 3, 8, '2017-09-04 21:52:04', 2),
(150, 3, 8, '2017-09-04 21:53:09', 2),
(151, 3, 8, '2017-09-04 21:54:01', 2),
(152, 3, 8, '2017-09-04 21:55:51', 2),
(153, 3, 8, '2017-09-04 21:57:33', 2),
(154, 3, 8, '2017-09-04 21:57:57', 2),
(155, 3, 8, '2017-09-04 21:58:16', 2),
(156, 3, 7, '2017-09-04 22:01:28', 2),
(157, 3, 7, '2017-09-04 22:02:35', 2),
(158, 3, 7, '2017-09-04 22:10:24', 2),
(159, 3, 7, '2017-09-04 22:11:05', 2),
(160, 3, 8, '2017-09-04 22:12:49', 2),
(161, 3, 8, '2017-09-04 22:34:37', 2),
(162, 3, 8, '2017-09-04 22:35:59', 2),
(163, 3, 8, '2017-09-04 22:36:33', 2),
(164, 3, 6, '2017-09-05 22:50:32', 2),
(165, 3, 6, '2017-09-05 22:50:47', 2),
(166, 3, 6, '2017-09-05 22:50:59', 2),
(167, 3, 6, '2017-09-05 22:56:47', 2),
(168, 3, 6, '2017-09-05 22:58:19', 2),
(169, 3, 6, '2017-09-05 23:01:30', 2),
(170, 3, 6, '2017-09-05 23:05:20', 2),
(171, 3, 6, '2017-09-05 23:07:25', 2),
(172, 3, 6, '2017-09-05 23:10:40', 2),
(173, 3, 8, '2017-09-05 23:35:34', 2),
(174, 3, 8, '2017-09-05 23:38:18', 2),
(175, 3, 8, '2017-09-06 00:18:08', 2),
(176, 3, 1, '2017-09-07 22:22:55', 2),
(177, 3, 1, '2017-09-07 22:23:26', 2),
(178, 3, 2, '2017-09-08 11:20:38', 2),
(179, 3, 2, '2017-09-08 11:20:44', 2),
(180, 3, 2, '2017-09-08 11:21:07', 2),
(181, 3, 1, '2017-09-08 11:21:16', 2),
(182, 3, 1, '2017-09-08 11:21:34', 2),
(183, 3, 1, '2017-09-09 08:26:27', 2),
(184, 3, 1, '2017-09-09 10:45:23', 2),
(185, 3, 9, '2017-09-14 00:29:11', 2),
(186, 3, 9, '2017-09-14 00:33:46', 2),
(187, 3, 10, '2017-09-14 01:47:32', 2),
(188, 3, 10, '2017-09-14 01:47:55', 2),
(189, 3, 1, '2017-09-14 02:34:45', 2),
(190, 3, 1, '2017-09-14 03:20:35', 2),
(191, 3, 1, '2017-09-14 03:34:21', 2),
(192, 3, 1, '2017-09-14 03:45:01', 2),
(193, 3, 9, '2017-09-14 04:44:42', 2),
(194, 3, 9, '2017-09-14 04:48:03', 2),
(195, 3, 9, '2017-09-14 12:27:15', 2),
(196, 3, 9, '2017-09-14 12:37:51', 2),
(197, 3, 9, '2017-09-14 12:39:13', 2),
(198, 3, 9, '2017-09-14 12:42:02', 2),
(199, 3, 11, '2017-09-14 12:43:23', 2),
(200, 3, 11, '2017-09-14 12:46:10', 2),
(201, 3, 9, '2017-09-14 12:46:36', 2),
(202, 3, 12, '2017-09-14 12:47:23', 2),
(203, 3, 12, '2017-09-14 12:47:39', 2),
(204, 3, 12, '2017-09-14 12:50:42', 2),
(205, 3, 12, '2017-09-14 13:14:16', 2),
(206, 3, 12, '2017-09-14 13:18:39', 2),
(207, 3, 12, '2017-09-14 13:20:52', 2),
(208, 3, 13, '2017-09-15 06:23:17', 2),
(209, 3, 13, '2017-09-15 06:27:22', 2),
(210, 3, 13, '2017-09-15 06:33:01', 2),
(211, 3, 13, '2017-09-15 06:34:40', 2),
(212, 3, 13, '2017-09-15 10:16:03', 2),
(213, 3, 13, '2017-09-15 10:16:24', 2),
(214, 3, 13, '2017-09-15 10:17:41', 2),
(215, 3, 13, '2017-09-15 10:19:27', 2),
(216, 3, 13, '2017-09-15 10:23:34', 2),
(217, 3, 13, '2017-09-15 10:25:04', 2),
(218, 3, 13, '2017-09-15 10:25:14', 2),
(219, 3, 13, '2017-09-15 10:26:10', 2),
(220, 3, 13, '2017-09-15 10:50:13', 2),
(221, 3, 13, '2017-09-15 10:50:23', 2),
(222, 3, 13, '2017-09-15 10:51:29', 2),
(223, 3, 13, '2017-09-15 10:56:36', 2),
(224, 3, 13, '2017-09-15 10:57:41', 2),
(225, 3, 13, '2017-09-15 11:02:51', 2),
(226, 3, 13, '2017-09-15 11:52:45', 2),
(227, 3, 13, '2017-09-16 10:48:53', 2),
(228, 3, 13, '2017-09-16 10:50:22', 2),
(229, 3, 13, '2017-09-16 10:50:51', 2),
(230, 3, 13, '2017-09-16 10:51:38', 2),
(231, 3, 13, '2017-09-16 10:52:02', 2),
(232, 3, 13, '2017-09-16 10:54:06', 2),
(233, 3, 13, '2017-09-16 10:57:51', 2),
(234, 3, 13, '2017-09-17 03:29:57', 2),
(235, 3, 13, '2017-09-18 22:40:52', 2),
(236, 3, 4, '2017-09-19 00:31:37', 2),
(237, 3, 4, '2017-09-19 00:36:06', 2),
(238, 3, 4, '2017-09-19 01:33:56', 2),
(239, 3, 4, '2017-09-19 01:47:56', 2),
(240, 3, 4, '2017-09-19 01:51:19', 2),
(241, 3, 4, '2017-09-19 01:52:23', 2),
(242, 3, 4, '2017-09-19 01:53:10', 2),
(243, 3, 4, '2017-09-19 02:03:44', 2),
(244, 3, 4, '2017-09-19 02:05:32', 2),
(245, 3, 4, '2017-09-21 04:28:26', 2),
(246, 3, 4, '2017-09-21 04:31:24', 2),
(247, 3, 4, '2017-09-21 04:31:53', 2),
(248, 3, 15, '2017-09-22 03:07:35', 2),
(249, 3, 12, '2017-09-24 11:26:07', 2),
(250, 3, 12, '2017-09-24 11:26:47', 2),
(251, 3, 16, '2017-09-24 12:26:09', 2),
(252, 3, 16, '2017-09-24 12:26:26', 2),
(253, 3, 16, '2017-09-24 12:41:46', 2),
(254, 3, 16, '2017-09-24 12:55:34', 2),
(255, 3, 16, '2017-09-24 23:04:25', 2),
(256, 3, 16, '2017-09-24 23:05:02', 2),
(257, 3, 16, '2017-09-24 23:11:04', 2),
(258, 3, 16, '2017-09-24 23:12:14', 2),
(259, 3, 16, '2017-09-24 23:12:42', 2),
(260, 3, 16, '2017-09-24 23:13:42', 2),
(261, 3, 16, '2017-09-24 23:19:34', 2),
(262, 3, 16, '2017-09-25 00:03:01', 2),
(263, 3, 16, '2017-09-25 01:15:17', 2),
(264, 3, 16, '2017-09-25 01:16:23', 2),
(265, 3, 16, '2017-09-25 02:41:51', 2),
(266, 3, 16, '2017-09-25 02:47:06', 2),
(267, 3, 16, '2017-09-25 02:49:51', 2),
(268, 3, 16, '2017-09-25 02:52:32', 2),
(269, 3, 16, '2017-09-25 02:53:39', 2),
(270, 3, 16, '2017-09-25 02:57:27', 2),
(271, 3, 16, '2017-09-25 03:23:11', 2),
(272, 3, 16, '2017-09-25 09:22:18', 2),
(273, 3, 19, '2017-09-25 11:56:26', 2),
(274, 3, 19, '2017-09-25 11:57:52', 2),
(275, 3, 19, '2017-09-25 12:13:49', 2),
(276, 3, 19, '2017-09-25 12:20:09', 2),
(277, 3, 19, '2017-09-25 12:22:27', 2),
(278, 3, 19, '2017-09-25 12:28:24', 2),
(279, 3, 19, '2017-09-25 12:49:18', 2),
(280, 3, 19, '2017-09-25 12:50:09', 2),
(281, 3, 19, '2017-09-25 12:55:03', 2),
(282, 3, 19, '2017-09-26 22:55:08', 2),
(283, 3, 19, '2017-09-26 23:00:29', 2),
(284, 3, 19, '2017-09-26 23:01:54', 2),
(285, 3, 19, '2017-09-27 00:12:44', 2),
(286, 3, 19, '2017-09-27 00:14:33', 2),
(287, 3, 19, '2017-09-27 00:15:40', 2),
(288, 3, 19, '2017-09-27 00:26:26', 2),
(289, 3, 19, '2017-09-27 00:27:11', 2),
(290, 3, 19, '2017-09-27 00:27:47', 2),
(291, 3, 19, '2017-09-27 00:29:04', 2),
(292, 3, 19, '2017-09-27 00:36:07', 2),
(293, 3, 19, '2017-09-27 00:37:15', 2),
(294, 3, 19, '2017-09-27 00:37:59', 2),
(295, 3, 19, '2017-09-27 00:38:22', 2),
(296, 3, 19, '2017-09-27 00:38:55', 2),
(297, 3, 19, '2017-09-27 00:41:43', 2),
(298, 3, 19, '2017-09-27 00:44:49', 2),
(299, 3, 19, '2017-09-27 00:46:37', 2),
(300, 3, 19, '2017-09-27 00:48:44', 2),
(301, 3, 19, '2017-09-27 00:52:33', 2),
(302, 3, 19, '2017-09-27 00:52:49', 2),
(303, 3, 19, '2017-09-27 00:56:36', 2),
(304, 3, 19, '2017-09-27 00:57:53', 2),
(305, 3, 19, '2017-09-27 00:59:06', 2),
(306, 3, 19, '2017-09-27 01:02:05', 2),
(307, 3, 19, '2017-09-27 01:03:05', 2),
(308, 3, 19, '2017-09-27 01:05:20', 2),
(309, 3, 19, '2017-09-27 01:06:07', 2),
(310, 3, 19, '2017-09-27 01:06:52', 2),
(311, 3, 19, '2017-09-27 01:08:57', 2),
(312, 3, 19, '2017-09-27 01:09:08', 2);

-- --------------------------------------------------------

--
-- Table structure for table `FunctionStageStatus`
--

CREATE TABLE IF NOT EXISTS `FunctionStageStatus` (
  `FunctionStageStatusId` int(11) NOT NULL AUTO_INCREMENT,
  `StageName` varchar(50) NOT NULL,
  `Description` text NOT NULL,
  PRIMARY KEY (`FunctionStageStatusId`)
) ENGINE=MyISAM DEFAULT CHARSET=latin1 AUTO_INCREMENT=1 ;

-- --------------------------------------------------------

--
-- Table structure for table `Group`
--

CREATE TABLE IF NOT EXISTS `Group` (
  `GroupId` int(255) NOT NULL AUTO_INCREMENT,
  `GroupName` varchar(60) COLLATE utf8_unicode_ci NOT NULL,
  `GroupDescription` text COLLATE utf8_unicode_ci NOT NULL,
  PRIMARY KEY (`GroupId`)
) ENGINE=MyISAM  DEFAULT CHARSET=utf8 COLLATE=utf8_unicode_ci AUTO_INCREMENT=11 ;

--
-- Dumping data for table `Group`
--

INSERT INTO `Group` (`GroupId`, `GroupName`, `GroupDescription`) VALUES
(1, 'Owners', 'Owner of the site'),
(2, 'Administrators', 'Admin of the site'),
(3, 'Moderators', 'Mod of the site'),
(4, 'All Users', 'All Users'),
(5, 'Registered Users', 'Registered Users'),
(8, 'Staffs', 'Staff of the site'),
(9, 'PersonalGroup_2', 'Personal group of user 2'),
(10, 'PersonalGroup_3', 'Personal group of user 3');

-- --------------------------------------------------------

--
-- Table structure for table `GroupInherit`
--

CREATE TABLE IF NOT EXISTS `GroupInherit` (
  `GroupInheritId` bigint(20) NOT NULL AUTO_INCREMENT,
  `InheritFromId` int(11) NOT NULL,
  `GroupId` int(11) NOT NULL,
  `InheritOrNot` tinyint(1) NOT NULL,
  PRIMARY KEY (`GroupInheritId`)
) ENGINE=MyISAM DEFAULT CHARSET=latin1 AUTO_INCREMENT=1 ;

-- --------------------------------------------------------

--
-- Table structure for table `Language`
--

CREATE TABLE IF NOT EXISTS `Language` (
  `LanguageId` int(11) NOT NULL AUTO_INCREMENT,
  `LanguageName` varchar(255) NOT NULL,
  `Description` text NOT NULL,
  `Symbol` varchar(3) NOT NULL,
  `ImageCode` varchar(3) NOT NULL,
  PRIMARY KEY (`LanguageId`)
) ENGINE=MyISAM  DEFAULT CHARSET=latin1 AUTO_INCREMENT=3 ;

--
-- Dumping data for table `Language`
--

INSERT INTO `Language` (`LanguageId`, `LanguageName`, `Description`, `Symbol`, `ImageCode`) VALUES
(1, 'English', '', 'en', 'us'),
(2, 'Ti&#234;&#769;ng Vi&#234;&#803t', '', 'vn', 'vn');

-- --------------------------------------------------------

--
-- Table structure for table `License`
--

CREATE TABLE IF NOT EXISTS `License` (
  `LicenseId` bigint(20) NOT NULL AUTO_INCREMENT,
  `Code` varchar(255) NOT NULL,
  `Volume` int(11) NOT NULL,
  `CreatedDate` datetime NOT NULL DEFAULT CURRENT_TIMESTAMP,
  PRIMARY KEY (`LicenseId`)
) ENGINE=MyISAM  DEFAULT CHARSET=latin1 AUTO_INCREMENT=2 ;

--
-- Dumping data for table `License`
--

INSERT INTO `License` (`LicenseId`, `Code`, `Volume`, `CreatedDate`) VALUES
(1, 'rAContrQc1yyi5gX', 5, '2017-08-24 10:29:55');

-- --------------------------------------------------------

--
-- Table structure for table `Object`
--

CREATE TABLE IF NOT EXISTS `Object` (
  `ObjectId` bigint(20) NOT NULL AUTO_INCREMENT,
  `TableName` varchar(60) NOT NULL,
  `PrimaryKey` bigint(20) NOT NULL,
  `OwnedBy` bigint(20) NOT NULL,
  PRIMARY KEY (`ObjectId`)
) ENGINE=MyISAM  DEFAULT CHARSET=latin1 AUTO_INCREMENT=80 ;

--
-- Dumping data for table `Object`
--

INSERT INTO `Object` (`ObjectId`, `TableName`, `PrimaryKey`, `OwnedBy`) VALUES
(3, 'Function', 3, 2),
(4, 'Function', 4, 2),
(5, 'Function', 1, 2),
(6, 'Function', 2, 2),
(7, 'Function', 3, 2),
(8, 'Function', 4, 2),
(9, 'Function', 5, 2),
(10, 'Function', 6, 2),
(11, 'Function', 7, 2),
(12, 'Function', 8, 2),
(13, 'Function', 9, 2),
(14, 'Function', 10, 2),
(15, 'Function', 11, 2),
(16, 'Function', 12, 2),
(17, 'Function', 13, 2),
(18, 'Function', 14, 2),
(20, 'Function', 16, 2),
(21, 'Function', 17, 2),
(22, 'Function', 18, 2),
(23, 'Function', 19, 2),
(24, 'Function', 20, 2),
(25, 'Function', 21, 2),
(26, 'Function', 22, 2),
(27, 'Function', 23, 2),
(28, 'Function', 24, 2),
(29, 'Function', 25, 2),
(30, 'Function', 26, 2),
(31, 'Function', 27, 2),
(32, 'Function', 28, 2),
(33, 'Function', 29, 2),
(34, 'Function', 30, 2),
(35, 'Function', 31, 2),
(36, 'Function', 32, 2),
(37, 'Function', 33, 2),
(38, 'Function', 34, 2),
(39, 'Function', 35, 2),
(40, 'Function', 36, 2),
(41, 'Function', 37, 2),
(47, 'Function', 43, 2),
(51, 'Function', 47, 2),
(53, 'Function', 49, 2),
(54, 'Function', 50, 2),
(55, 'Function', 51, 2),
(60, 'Function', 56, 2),
(61, 'Function', 57, 2),
(70, 'Function', 60, 2),
(71, 'Function', 61, 2),
(76, 'Function', 66, 2),
(75, 'Function', 65, 2),
(77, 'Function', 67, 2),
(78, 'Function', 68, 2);

-- --------------------------------------------------------

--
-- Table structure for table `User`
--

CREATE TABLE IF NOT EXISTS `User` (
  `UserId` bigint(255) NOT NULL AUTO_INCREMENT,
  `Email` varchar(120) COLLATE utf8_unicode_ci NOT NULL,
  `Password` varchar(1024) COLLATE utf8_unicode_ci NOT NULL,
  `PrivateKey` varchar(1024) COLLATE utf8_unicode_ci NOT NULL,
  `IsActive` tinyint(1) NOT NULL,
  `FirstName` varchar(60) COLLATE utf8_unicode_ci NOT NULL,
  `LastName` varchar(60) COLLATE utf8_unicode_ci NOT NULL,
  `Gender` tinyint(1) NOT NULL,
  `DOB` datetime NOT NULL,
  `ActiveToken` varchar(512) COLLATE utf8_unicode_ci NOT NULL,
  `AvatarUrl` varchar(255) COLLATE utf8_unicode_ci NOT NULL,
  `FacebookOauthId` varchar(255) COLLATE utf8_unicode_ci NOT NULL,
  `GoogleOauthId` varchar(255) COLLATE utf8_unicode_ci NOT NULL,
  PRIMARY KEY (`UserId`)
) ENGINE=MyISAM  DEFAULT CHARSET=utf8 COLLATE=utf8_unicode_ci AUTO_INCREMENT=2 ;

--
-- Dumping data for table `User`
--

INSERT INTO `User` (`UserId`, `Email`, `Password`, `PrivateKey`, `IsActive`, `FirstName`, `LastName`, `Gender`, `DOB`, `ActiveToken`, `AvatarUrl`, `FacebookOauthId`, `GoogleOauthId`) VALUES
(1, '', '', '', 1, '', '', 0, '0000-00-00 00:00:00', '', '', '0', '0');

-- --------------------------------------------------------

--
-- Table structure for table `UserInGroup`
--

CREATE TABLE IF NOT EXISTS `UserInGroup` (
  `UserInGroupId` bigint(255) NOT NULL AUTO_INCREMENT,
  `UserId` bigint(255) NOT NULL,
  `GroupId` int(255) NOT NULL,
  `Description` text COLLATE utf8_unicode_ci NOT NULL,
  PRIMARY KEY (`UserInGroupId`)
) ENGINE=MyISAM  DEFAULT CHARSET=utf8 COLLATE=utf8_unicode_ci AUTO_INCREMENT=2 ;

--
-- Dumping data for table `UserInGroup`
--

INSERT INTO `UserInGroup` (`UserInGroupId`, `UserId`, `GroupId`, `Description`) VALUES
(1, 1, 4, 'Dump user');

/*!40101 SET CHARACTER_SET_CLIENT=@OLD_CHARACTER_SET_CLIENT */;
/*!40101 SET CHARACTER_SET_RESULTS=@OLD_CHARACTER_SET_RESULTS */;
/*!40101 SET COLLATION_CONNECTION=@OLD_COLLATION_CONNECTION */;
